1;eur,евро,еврики,европейский деньги,европейский валюта,валюта европы,валюта европейский,еврик,европейский деньги,деньги европейский;{"name":"евро","abbreviation":"EUR","symbol":"€","coin":"евроцент","coinPart":"0,01","possibleAmbiguity":""}
2;usd,бакс,американский доллар,доллар американский,американский деньги,деньги американский,американский валюта,валюта американский,доллар сша,юсд,$;{"name": "доллар США", "abbreviation": "USD", "symbol": "$", "coin": "цент", "coinPart": "0,01", "possibleAmbiguity":"доллар"}
3;aud,австралийский доллар,доллар австралийский,доллар австралии,австралийский деньги,деньги австралийский,австралийский валюта,валюта австралии,деньги австралии;{"name": "австралийский доллар", "abbreviation": "AUD", "symbol": "$", "coin": "цент", "coinPart": "0,01", "possibleAmbiguity":"доллар"}
4;bgn,лев,болгарский лев,лев болгарский,лв,валюта болгарии,деньги болгарии,болгарский валюта,болгарский деньги,деньги болгарский,валюта болгарский;{"name": "болгарский лев", "abbreviation": "BGN", "symbol": "", "coin": "стотинка", "coinPart": "0,01", "possibleAmbiguity":""}
5;brl,реал,бразильский реал,реал бразильский,бразильский деньги,деньги бразильский,бразильский валюта,валюта бразильский,валюта бразилии,деньги бразилии,R$;{"name": "бразильский реал", "abbreviation": "BRL", "symbol": "R$", "coin": "сентаво", "coinPart": "0,01", "possibleAmbiguity":""}
6;cad,доллар канады,канадский доллар,доллар канадский,валюта канады,деньги канады,канадский валюта, валюта канадский,канадский деньги,деньги канадский;{"name": "канадский доллар", "abbreviation": "CAD", "symbol": "$", "coin": "цент", "coinPart": "0,01", "possibleAmbiguity":"доллар"}
7;chf,швейцарский франк,валюта швейцарии,деньги швейцарии,швейцарский валюта,свисси,франк швейцарский,швейцарский деньги,деньги швейцарский;{"name": "швейцарский франк", "abbreviation": "CHF", "symbol": "₣", "coin": "сантим", "coinPart": "0,01", "possibleAmbiguity":"франк"}
8;cny,юань,китайский юань,валюта китая,деньги китая,валюта кнр,деньги кнр,китайский деньги,китайский валюта,валюта китайский,деньги китайский;{"name": "китайский юань", "abbreviation": "CNY", "symbol": "¥", "coin": "фынь", "coinPart": "0,01", "possibleAmbiguity":""}
9;czk,чешский крона,чешская крона,чешские кроны,чешской кроны,чешских крон,чешской кроне,чешским кронам,чешскую крону,чешской кроной,чешскими кронами,чешских кронах,крона чешский,валюта чехии,деньги чехии,чешский валюта,чешский деньги;{"name": "чешская крона", "abbreviation": "CZK", "symbol": "", "coin": "геллер", "coinPart": "0,01", "possibleAmbiguity":"крона"}
10;dkk,датская крона,датские кроны,датской кроны,датских крон,датской кроне,датским кронам,датскую крону,датской кроной,датскими кронами,датских кронах,датский крона,крона датский,датский деньги,датский валюта,валюта дании,деньги дании,деньги датский;{"name": "датская крона", "abbreviation": "DKK", "symbol": "", "coin": "эре", "coinPart": "0,01", "possibleAmbiguity":"крона"}
11;gbp,паунд,фунт стерлингов,валюта великобритании,деньги великобритании,валюта британии,деньги британии,британский деньги,деньги британский,британский валюта,валюта британский,британский фунт,британский паунд,валюта англии,деньги англии,английский деньги,английский валюта,деньги английский,валюта английский;{"name": "фунт стерлингов", "abbreviation": "GBP", "symbol": "£", "coin": "пенни", "coinPart": "0,01", "possibleAmbiguity":""}
12;hkd,гонконгский доллар,доллар гонконгский,доллар гонконга,валюта гонконга,деньги гонконга,гонконгский валюта,гонконгский деньги;{"name": "гонконгский доллар", "abbreviation": "HKD", "symbol": "", "coin": "цент", "coinPart": "0,01", "possibleAmbiguity":"доллар"}
13;hrk,куна,хорватский куна,куна хорватский,хорватский крона,валюта хорватии,деньги хорватии,хорватский валюта,хорватский деньги;{"name": "хорватская куна", "abbreviation": "HRK", "symbol": "Kn", "coin": "липа", "coinPart": "0,01", "possibleAmbiguity":""}
14;huf,форинт,венгерский форинт,форинт венгерский,валюта венгрии,деньги венгрии,венгерский валюта,венгерский деньги;{"name": "венгерский форинт", "abbreviation": "HUF", "symbol": "ƒ", "coin": "филлер", "coinPart": "0,01", "possibleAmbiguity":""}
15;idr,индонезийский рупия,рупия индонезийский,рупия индонезии,индонезийский деньги,индонезийский валюта,валюта индонезии,деньги индонезии,деньги индонезийский,валюта индонезийский;{"name": "индонезийская рупия", "abbreviation": "IDR", "symbol": "", "coin": "сен", "coinPart": "0,01", "possibleAmbiguity":""}
16;ils,шекель,израильский шекель,шекель израильский,новый израильский шекель,новый шекель,валюта израиля,деньги израиля,израильский валюта,израильский деньги,валюта израильский,деньги израильский;{"name": "новый израильский шекель", "abbreviation": "ILS", "symbol": "", "coin": "агора", "coinPart": "0,01", "possibleAmbiguity":""}
17;inr,индийский рупия,рупия индийский,рупия индии,валюта индии,деньги индии,индийский валюта,индийский деньги;{"name": "индийская рупия", "abbreviation": "INR", "symbol": "₹", "coin": "пайса", "coinPart": "0,01", "possibleAmbiguity":""}
18;jpy,йена,йен,йены,иены,иен,иена,японский иена,валюта японии,деньги японии,японский валюта,японский деньги;{"name": "иена", "abbreviation": "JPY", "symbol": "¥", "coin": "сен", "coinPart": "0,01", "possibleAmbiguity":""}
19;krw,южнокорейский вона,южнокорейская вона,южнокорейские воны,южнокорейской воны,южнокорейских вон,южнокорейской воне,южнокорейским вонам,южнокорейскую вону,южнокорейской воной,южнокорейскими вонами,южнокорейской воне,южнокорейских вонах,южнокорейский вон,вона южнокорейский,южно корейский вона,валюта южной,деньги южной кореи,южнокорейский валюта,южнокорейский деньги,деньги южнокорейский,валюта южнокорейский;{"name": "южнокорейская вона", "abbreviation": "KRW", "symbol": "", "coin": "чон", "coinPart": "0,01", "possibleAmbiguity":"вона"}
20;mxn,мексиканский песо,песо мексиканский,валюта мексики,деньги мексики,мексиканский валюта,мексиканский деньги;{"name": "мексиканское песо", "abbreviation": "MXN", "symbol": "$", "coin": "сентаво", "coinPart": "0,01", "possibleAmbiguity":"песо"}
21;myr,ринггит,малайзийский ринггит,малазийский ринггит,рингит,валюта малайзии,деньги малайзии,малазийский валюта,малазийский деньги;{"name": "малайзийский ринггит", "abbreviation": "MYR", "symbol": "", "coin": "сен", "coinPart": "0,01", "possibleAmbiguity":""}
22;nok,норвежский крона,норвежская крона,норвежские кроны,норвежской кроны,норвежских крон,норвежской кроне,норвежским кронам,норвежскую крону,норвежской кроной,норвежскими кронами,норвежских кронах,крона норвежский,крона норвегии,валюта норвегии,деньги норвегии,норвежский валюта, норвежский деньги;{"name": "норвежская крона", "abbreviation": "NOK", "symbol": "", "coin": "эре", "coinPart": "0,01", "possibleAmbiguity":"крона"}
23;nzd,новозеландский доллар,доллар новозеландский,доллар новой зеландии,новозеланский деньги,новозеланский валюта,валюта новой,валюта новой зеландии,деньги новой зеландии,деньги новозеландский,валюта новозеландский;{"name": "новозеландский доллар", "abbreviation": "NZD", "symbol": "$", "coin": "цент", "coinPart": "0,01", "possibleAmbiguity":"доллар"}
24;php,филиппинский песо,песо филиппинский,валюта филиппин,деньги филиппин,филиппинский валюта,филиппинский деньги;{"name": "филиппинское песо", "abbreviation": "PHP", "symbol": "", "coin": "сентимо", "coinPart": "0,01", "possibleAmbiguity":"песо"}
25;pln,злотый,польский злотый,валюта польши,деньги польши,польский валюта,польский деньги;{"name": "польский злотый", "abbreviation": "PLN", "symbol": "", "coin": "грош", "coinPart": "0,01", "possibleAmbiguity":""}
26;ron,румынский лей,новый румынский лей,валюта румынии,деньги румынии,румынский валюта,румынский деньги;{"name": "румынский лей", "abbreviation": "RON", "symbol": "", "coin": "бань", "coinPart": "0,01", "possibleAmbiguity":"лей"}
27;rub,российский рубль,рубль российский,русский рубль,валюта россии,деньги россии,валюта рф,деньги рф,российский валюта,российский деньги, валюта российский, деньги российский;{"name": "российский рубль", "abbreviation": "RUB", "symbol": "₽", "coin": "копейка", "coinPart": "0,01", "possibleAmbiguity":"рубль"}
28;sek,шведский крона,шведская крона,шведские кроны,шведской кроны,шведских крон,шведской кроне,шведским кронам,шведскую крону,шведские кроны,шведской кроной,шведскими кронами,шведских кронах,крона шведский,крона швеции,шведский деньги,шведский валюта,валюта швеции,деньги швеции,шведский деньги;{"name": "шведская крона", "abbreviation": "SEK", "symbol": "", "coin": "эре", "coinPart": "0,01", "possibleAmbiguity":"крона"}
29;sgd,сингапурский доллар,доллар сингапурский,доллар сингапура,валюта сингапура,деньги сингапура,сингапурский валюта,сингапурский деньги;{"name": "сингапурский доллар", "abbreviation": "SGD", "symbol": "$", "coin": "цент", "coinPart": "0,01", "possibleAmbiguity":"доллар"}
30;thb,бат,тайский бат,тайский деньги,тайский валюта,валюта таиланда,деньги таиланда,валюта тайланда,деньги тайланда;{"name": "тайский бат", "abbreviation": "THB", "symbol": "฿", "coin": "сатанг", "coinPart": "0,01", "possibleAmbiguity":""}
31;try,лира,турецкий лира,лира турецкий,валюта турции,деньги турции,турецкий валюта,турецкий деньги;{"name": "турецкая лира", "abbreviation": "TRY", "symbol": "₺", "coin": "куруш", "coinPart": "0,01", "possibleAmbiguity":""}
32;zar,рэнд,южноафриканский рэнд,африканский рэнд,валюта южной,деньги южной африки,южноафриканский валюта,валюта ЮАР,южноафриканский деньги,деньги южноафриканский,валюта южноафриканский;{"name": "южноафриканский рэнд", "abbreviation": "ZAR", "symbol": "", "coin": "цент", "coinPart": "0,01", "possibleAmbiguity":""}
33;AED,дирхам ОАЭ,дирхам ОАЭ,дирхамы ОАЭ,дирхамов ОАЭ,дирхаму ОАЭ,дирхамам ОАЭ,дирхама ОАЭ,дирхамов ОАЭ,дирхамом ОАЭ,дирхамами ОАЭ,дирхаме ОАЭ,дирхамах ОАЭ,валюта Объединённых Арабских Эмиратов,деньги Объединённых Арабских Эмиратов;{"name": "дирхам ОАЭ", "abbreviation": "AED", "symbol": "", "coin": "филс", "coinPart": "0,01", "possibleAmbiguity":"дирхам"}
34;AFN,афгани,афганский афгани,афганский валюта,афганский деньги,валюта афганистана;{"name": "афгани", "abbreviation": "AFN", "symbol": "؋ ", "coin": "пул", "coinPart": "0,01", "possibleAmbiguity":""}
35;ALL,лек,албанский лек,лек албанский,валюта албании,албанский валюта,албанский деньги;{"name": "лек", "abbreviation": "ALL", "symbol": "", "coin": "киндарка", "coinPart": "0,01", "possibleAmbiguity":""}
36;AMD,драм,драмы,драмов,драма,драму,драмам,драмом,драмами,драме,драмах,армянский драм,армянский драм,армянские драмы,армянских драмов,армянского драма,армянскому драму,армянским драмам,армянский драм,армянским драмом,армянскими драмами,армянском драме,армянских драмах,валюта армении,армянский валюта,армянский деньги,валюта армянский,деньги армянский,деньги армении;{"name":"армянский драм", "abbreviation":"AMD", "symbol": "֏", "coin": "лума", "coinPart": "0,01", "possibleAmbiguity":""}
37;AOA,кванза,ангольский кванза,ангольский валюта,ангольский деньги,валюта анголы,деньги анголы;{"name": "ангольская кванза", "abbreviation": "AOA", "symbol": "", "coin": "сентимо", "coinPart": "0,01", "possibleAmbiguity":""}
38;ARS,аргентинский песо,песо аргентинский,валюта аргентины,аргентинский валюта,аргентинский деньги;{"name": "аргентинское песо", "abbreviation": "ARS", "symbol": "$", "coin": "сентаво", "coinPart": "0,01", "possibleAmbiguity":"песо"}
39;AZN,Азербайджанский манат,валюта азербайджана,азербайджанский валюта,азербайджанский деньги;{"name": "азербайджанский манат", "abbreviation": "AZN", "symbol": "₼", "coin": "гяпик", "coinPart": "0,01", "possibleAmbiguity":"манат"}
40;BAM,конвертируемый марка боснии и герцеговины,конвертируемый марка,марка конвертируемый;{"name": "конвертируемая марка", "abbreviation": "BAM", "symbol": "", "coin": "фенинг", "coinPart": "0,01", "possibleAmbiguity":""}
41;BBD,барбадосский доллар,доллар барбадосский,барбадосский валюта,барбадосский деньги,валюта барбадосский;{"name": "барбадосский доллар", "abbreviation": "BBD", "symbol": "$", "coin": "цент", "coinPart": "0,01", "possibleAmbiguity":"доллар"}
42;BDT,така,бангладешский така,бангладешский валюта,валюта бангладеш,бангладешский деньги;{"name": "бангладешская така", "abbreviation": "BDT", "symbol": "৳", "coin": "пойша", "coinPart": "0,01", "possibleAmbiguity":""}
43;BHD,бахрейнский динар,валюта Королевства бахрейн,бахрейнский валюта,бахрейнский деньги;{"name": "бахрейнский динар", "abbreviation": "BHD", "symbol": "", "coin": "филс", "coinPart": "0,001", "possibleAmbiguity":"динар"}
44;BIF,бурундийский франк,франк бурундийский, франк бурунди,валюта бурунди,бурундийский валюта,бурундийский деньги;{"name": "бурундийский франк", "abbreviation": "BIF", "symbol": "₣", "coin": "сантим", "coinPart": "0,01", "possibleAmbiguity":"франк"}
45;BND,брунейский доллар,доллар брунейский,доллар брунея,брунейский валюта,брунейский деньгий;{"name": "брунейский доллар", "abbreviation": "BND", "symbol": "$", "coin": "сен", "coinPart": "0,01", "possibleAmbiguity":"доллар"}
46;BOB,боливиано,боливийский боливиано,боливийский валюта,боливийский деньги;{"name": "боливиано", "abbreviation": "BOB", "symbol": "", "coin": "сентаво", "coinPart": "0,01", "possibleAmbiguity":""}
47;BSD,багамский доллар,доллар багамский,доллар багамских островов,валюта багамских островов,багамский валюта,багамский деньги;{"name": "багамский доллар", "abbreviation": "", "symbol": "BSD", "coin": "цент", "coinPart": "0,01", "possibleAmbiguity":"доллар"}
48;BTN,нгултрум,бутанский нгултрум,бутанский валюта,бутанский деньги;{"name": "нгултрум", "abbreviation": "BTN", "symbol": "", "coin": "четрум", "coinPart": "0,01", "possibleAmbiguity":""}
49;BWP,пула,ботсванский пула,ботсванский валюта,ботсванский деньги;{"name": "ботсванская пула", "abbreviation": "BWP", "symbol": "", "coin": "тхебе", "coinPart": "0,01", "possibleAmbiguity":""}
50;BYN,белорусский рубль,рубль белорусский,белорусский валюта,белорусский деньги;{"name": "белорусский рубль", "abbreviation": "BYN", "symbol": "", "coin": "копейка", "coinPart": "0,01", "possibleAmbiguity":"рубль"}
51;BZD,белизский доллар,доллар белизский,доллар белиза,белизский валюта,белизский деньги;{"name": "белизский доллар", "abbreviation": "BZD", "symbol": "$", "coin": "цент", "coinPart": "0,01", "possibleAmbiguity":"доллар"}
52;CDF,конголезский франк,франк конголезский,конголезский валюта,конголезский деньги,валюта конголезский;{"name": "конголезский франк", "abbreviation": "CDF", "symbol": "₣", "coin": "сантим", "coinPart": "0,01", "possibleAmbiguity":"франк"}
53;CLP,чилийский песо,песо чилийский,чилийский валюта,чилийский деньги;{"name": "чилийское песо", "abbreviation": "CLP", "symbol": "$", "coin": "сентаво", "coinPart": "0,01", "possibleAmbiguity":"песо"}
54;COP,колумбийский песо,песо колумбийский,колумбийский валюта,колумбийский деньги;{"name": "колумбийское песо", "abbreviation": "COP", "symbol": "$", "coin": "сентаво", "coinPart": "0,01", "possibleAmbiguity":"песо"}
55;CRC,костариканский колон,колон костариканский, колон коста-риканский,коста-риканский колон,костариканский валюта,валюта костариканский,коста-риканский валюта,валюта коста-риканский,костариканский деньги,деньги костариканский,коста-риканский деньги,деньги коста-риканский;{"name": "коста-риканский колон", "abbreviation": "CRC", "symbol": "₡", "coin": "сентимо", "coinPart": "0,01", "possibleAmbiguity":"колон"}
56;CUP,кубинский песо,песо кубинский,кубинский валюта,кубинский деньги;{"name": "Кубинское песо", "abbreviation": "CUP", "symbol": "$", "coin": "сентаво", "coinPart": "0,01", "possibleAmbiguity":"песо"}
57;CVE,эскудо Кабо-Верде,эскудо,валюта кабо-Верде,деньги кабо-Верде,валюта кабо верде,деньги кабо верде;{"name": "эскудо Кабо-Верде", "abbreviation": "CVE", "symbol": "$", "coin": "сентаво", "coinPart": "0,01", "possibleAmbiguity":""}
58;DJF,франк джибути,валюта джибути,деньги джибути;{"name": "франк Джибути", "abbreviation": "DJF", "symbol": "", "coin": "", "coinPart": "0,01", "possibleAmbiguity":"франк"}
59;DOP,доминиканский песо,песо доминиканский,песо доминиканской республики,доминиканский валюта,доминиканский деньги;{"name": "доминиканское песо", "abbreviation": "DOP", "symbol": "$", "coin": "сентаво", "coinPart": "0,01", "possibleAmbiguity":"песо"}
60;DZD,алжирский динар,динар алжирский,алжирский валюта,алжирский деньги;{"name": "алжирский динар", "abbreviation": "DZD", "symbol": "", "coin": "сантим", "coinPart": "0,01", "possibleAmbiguity":"динар"}
61;EGP,египетский фунт,фунт египетский,валюта египта,египетский валюта,египетский деньги;{"name": "египетский фунт", "abbreviation": "EGP", "symbol": "", "coin": "пиастр", "coinPart": "0,01", "possibleAmbiguity":"фунт"}
62;ERN,накфа,эритрийский накфа,эритрийский валюта,эритрийский деньги;{"name": "накфа", "abbreviation": "ERN", "symbol": "", "coin": "цент", "coinPart": "0,01", "possibleAmbiguity":""}
63;ETB,эфиопский быр,быр,валюта эфиопии,эфиопский валюта,эфиопский деньги;{"name": "эфиопский быр", "abbreviation": "ETB", "symbol": "", "coin": "сантим", "coinPart": "0,01", "possibleAmbiguity":""}
64;FJD,доллар фиджи,валюта фиджи,деньги фиджи;{"name": "доллар Фиджи", "abbreviation": "FJD", "symbol": "$", "coin": "цент", "coinPart": "0,01", "possibleAmbiguity":"доллар"}
65;GEL,лари,грузинский лари,валюта грузии,грузинский валюта,грузинский деньги;{"name": "лари", "abbreviation": "GEL", "symbol": "", "coin": "тетри", "coinPart": "0,01", "possibleAmbiguity":""}
66;GHS,ганский седи,седи,ганский валюта,ганский деньги;{"name": "седи", "abbreviation": "GHS", "symbol": "", "coin": "песева", "coinPart": "0,01", "possibleAmbiguity":""}
67;GMD,даласи,гамбийский даласи,гамбийский валюта,гамбийский деньги,валюта гамбийский;{"name": "даласи", "abbreviation": "GMD", "symbol": "", "coin": "бутут", "coinPart": "0,01", "possibleAmbiguity":""}
68;GNF,гвинейский франк,франк гвинейский,гвинейский валюта,гвинейский деньги;{"name": "гвинейский франк", "abbreviation": "GNF", "symbol": "₣", "coin": "", "coinPart": "0,01", "possibleAmbiguity":"франк"}
69;GTQ,кетсаль,гватемальский кетсаль,гватемальский деньги,гватемальский валюта;{"name": "кетсаль", "abbreviation": "GTQ", "symbol": "Q", "coin": "сентаво", "coinPart": "0,01", "possibleAmbiguity":""}
70;GYD,гайанский доллар,доллар гайанский,гайанский валюта,гайанский деньги;{"name": "гайанский доллар", "abbreviation": "GYD", "symbol": "$", "coin": "цент", "coinPart": "0,01", "possibleAmbiguity":"доллар"}
71;HNL,лемпира,гондурасский лемпира,гондурасский валюта,гондурасский деньги;{"name": "лемпира", "abbreviation": "HNL", "symbol": "L", "coin": "сентаво", "coinPart": "0,01", "possibleAmbiguity":""}
72;HTG,гурд,гаитянский гурд,гаитянский валюта,гаитянский деньги;{"name": "гаитянский гурд", "abbreviation": "HTG", "symbol": "G", "coin": "сантим", "coinPart": "0,01", "possibleAmbiguity":""}
73;IQD,иракский динар,динар иракский,иракский валюта,иракский деньги;{"name": "иракский динар", "abbreviation": "IQD", "symbol": "", "coin": "филс", "coinPart": "0,01", "possibleAmbiguity":"динар"}
74;IRR,риал иранский,иранский риал,иранский валюта,иранский деньги;{"name": "иранский риал", "abbreviation": "IRR", "symbol": "", "coin": "динар", "coinPart": "0,01", "possibleAmbiguity":"риал"}
75;ISK,исландский крона,исландская крона,исландские кроны,исландской кроны,исландских крон,исландской кроне,исландским кронам,исландскую крону,исландской кроной,исландскими кронами,исландской кроне,исландских кронах,крона исландский,исландский валюта,исландский деньги;{"name": "исландская крона", "abbreviation": "ISK", "symbol": "kr", "coin": "", "coinPart": "0,01", "possibleAmbiguity":"крона"}
76;JMD,ямайский доллар,доллар ямайский,ямайский валюта,ямайский деньги;{"name": "ямайский доллар", "abbreviation": "JMD", "symbol": "$", "coin": "цент", "coinPart": "0,01", "possibleAmbiguity":"доллар"}
77;KES,кенийский шиллинг,шиллинг кенийский,кенийский валюта,кенийский деньги;{"name": "кенийский шиллинг", "abbreviation": "KES", "symbol": "KSh", "coin": "цент", "coinPart": "0,01", "possibleAmbiguity":"шиллинг"}
78;KGS,сом,кыргызстанский сом,валюта киргизии,деньги киргизии,киргизский сом,киргизский валюта,киргизский деньги;{"name": "сом", "abbreviation": "KGS", "symbol": "", "coin": "тыйын", "coinPart": "0,01", "possibleAmbiguity":""}
79;KHR,риель,камбоджийский риель,камбоджийский валюта,валюта камбоджи,камбоджийский деньги;{"name": "риель", "abbreviation": "KHR", "symbol": "៛", "coin": "цент", "coinPart": "0,01", "possibleAmbiguity":""}
80;KMF,франк комор,коморский франк, франк коморский,валюта комор,деньги комор;{"name": "франк Комор", "abbreviation": "KMF", "symbol": "₣", "coin": "сантим", "coinPart": "0,01", "possibleAmbiguity":"франк"}
81;KPW,северокорейский вона,северокорейские воны,северокорейской воны,северокорейских вон,северокорейской воне,северокорейским вонам,северокорейскую вону,северокорейской воной,северокорейскими вонами,северокорейской воне,северокорейских вонах,вона северокорейский,вона северо корейский,северо корейский вона,северо корейский валюта,северокорейский валюта,валюта северной кореи,северокорейский деньги,деньги северной кореи,воны КНДР,вонами КНДР,вонах КНДР,вона КНДР,вонам КНДР,воне КНДР,вону КНДР,вон КНДР,воной КНДР,;{"name": "северокорейская вона", "abbreviation": "KPW", "symbol": "원", "coin": "чон", "coinPart": "0,01", "possibleAmbiguity":""}
82;KWD,кувейтский динар,динар кувейтский,кувейтский валюта,кувейтский деньги;{"name": "кувейтский динар", "abbreviation": "KWD", "symbol": "", "coin": "филс", "coinPart": "0,01", "possibleAmbiguity":"динар"}
83;KZT,тенге,казахстанский тенге,казахстанский валюта,казахский валюта,казахский деньги,казахстанский деньги;{"name": "тенге", "abbreviation": "KZT", "symbol": "₸", "coin": "Тиын", "coinPart": "0,01", "possibleAmbiguity":""}
84;LAK,кип,лаосский кип,лаосский валюта,лаосский деньги;{"name": "лаосский кип", "abbreviation": "LAK", "symbol": "₭", "coin": "ат", "coinPart": "0,01", "possibleAmbiguity":""}
85;LBP,ливанский фунт,фунт ливанский,ливанский валюта,ливанский деньги;{"name": "ливанский фунт", "abbreviation": "LBP", "symbol": "", "coin": "пиастр", "coinPart": "0,01", "possibleAmbiguity":"фунт"}
86;LKR,шри-ланкийский рупия,шриланкийский рупия,шри ланкийский рупия,шри-Ланкийский рупия,рупия шри ланкийский,рупия шри-ланкийский,шри-ланкийский валюта,валюта шри-Ланки,шриланкийский рупия,рупия шриланкийский,деньги шри-Ланки;{"name": "шри-ланкийская рупия", "abbreviation": "LKR", "symbol": "", "coin": "цент", "coinPart": "0,01", "possibleAmbiguity":"рупия"}
87;LRD,либерийский доллар,доллар либерийский,либерийский валюта;{"name": "либерийский доллар", "abbreviation": "LRD", "symbol": "$", "coin": "цент", "coinPart": "0,01", "possibleAmbiguity":"доллар"}
88;LSL,лоти,малоти,лоти лесото,валюта лесото,деньги лесото;{"name": "лоти", "abbreviation": "LSL", "symbol": "", "coin": "цент", "coinPart": "0,01", "possibleAmbiguity":"доллар"}
89;LYD,ливийский динар,валюта ливии,динар ливийский,ливийский валюта,ливийский деньги;{"name": "ливийский динар", "abbreviation": "", "symbol": "", "coin": "дирхам", "coinPart": "0,001", "possibleAmbiguity":"динар"}
90;MAD,марокканский дирхам,марокканские дирхамы,марокканского дирхама,марокканских дирхамов,марокканскому дирхаму,марокканским дирхамам,марокканским дирхамом,марокканскими дирхамами,марокканских дирхамах,марокканском дирхаме,марокканский валюта,дирхам марокканский,марокканский деньги;{"name": "марокканский дирхам", "abbreviation": "MAD", "symbol": "", "coin": "сантим", "coinPart": "0,01", "possibleAmbiguity":"дирхам"}
91;MDL,молдавский лей,молдавский валюта, валюта молдавии,лей молдавский,молдавский деньги;{"name": "молдавский лей", "abbreviation": "MDL", "symbol": "", "coin": "бан", "coinPart": "0,01", "possibleAmbiguity":"лей"}
92;MGA,малагасийский ариари,мадагаскарский валюта,валюта мадагаскара,ариари,мадагаскарский деньги;{"name": "малагасийский ариари", "abbreviation": "MGA", "symbol": "Ar.", "coin": "ираймбиланья", "coinPart": "0,2", "possibleAmbiguity":""}
93;MKD,македонский денар,македонский валюта,валюта македонии,денар македонский,македонский деньги;{"name": "македонский денар", "abbreviation": "MKD", "symbol": "", "coin": "дени", "coinPart": "0,01", "possibleAmbiguity":"денар"}
94;MMK,кьят,валюта мьянмы,деньги мьянмы;{"name": "кьят", "abbreviation": "MMK", "symbol": "", "coin": "пья", "coinPart": "0,01", "possibleAmbiguity":""}
95;MNT,тугрик,монгольский тугрик,монгольский валюта,валюта монголии,монгольский деньги;{"name": "тугрик", "abbreviation": "MNT", "symbol": "₮", "coin": "мунгу", "coinPart": "0,01", "possibleAmbiguity":""}
96;MRU,угия,мавританский угия,мавританский валюта,валюта мавритании,мавританский деньги;{"name": "угия", "abbreviation": "MRU", "symbol": "UM", "coin": "хумс", "coinPart": "0,2", "possibleAmbiguity":""}
97;MUR,маврикийский рупия,маврикийский валюта,валюта маврикия,рупия маврикийский,маврикийский деньги;{"name": "маврикийская рупия", "abbreviation": "MUR", "symbol": "", "coin": "цент", "coinPart": "0,01", "possibleAmbiguity":"рупия"}
98;MVR,мальдивский руфия,мальдивский валюта,мальдивский деньги;{"name": "мальдивская руфия", "abbreviation": "MVR", "symbol": "", "coin": "лари", "coinPart": "0,01", "possibleAmbiguity":""}
99;MWK,малавийский квача,валюта малави,малавийский валюта,малавийский деньги;{"name": "малавийская квача", "abbreviation": "MWK", "symbol": "", "coin": "тамбала", "coinPart": "0,01", "possibleAmbiguity":"квача"}
100;MZN,метикал,мозамбикский метикал,мозамбикский валюта,мозамбикский деньги;{"name": "мозамбикский метикал", "abbreviation": "MZN", "symbol": "MT", "coin": "сентаво", "coinPart": "0,01", "possibleAmbiguity":""}
101;NAD,доллар намибии,валюта намибии,деньги намибии;{"name": "доллар Намибии", "abbreviation": "NAD", "symbol": "N$", "coin": "цент", "coinPart": "0,01", "possibleAmbiguity":"доллар"}
102;NGN,найра,валюта нигерии,нигерийский валюта,нигерийский деньги;{"name": "найра", "abbreviation": "NGN", "symbol": "₦", "coin": "кобо", "coinPart": "0,01", "possibleAmbiguity":""}
103;NIO,золотой кордоба,валюта никарагуа,кордоба,никарагуанский валюта,никарагуанский деньги;{"name": "золотая кордоба", "abbreviation": "NIO", "symbol": "$", "coin": "сентаво", "coinPart": "0,01", "possibleAmbiguity":""}
104;NPR,непальский рупия,непальский валюта,рупия непальский,непальский деньги;{"name": "непальская рупия", "abbreviation": "NPR", "symbol": "", "coin": "пайса", "coinPart": "0,01", "possibleAmbiguity":"рупия"}
105;OMR,оманский риал,оманский валюта,риал оманский,оманский деньги;{"name": "оманский риал", "abbreviation": "OMR", "symbol": "", "coin": "байза", "coinPart": "0,001", "possibleAmbiguity":"риал"}
106;PEN,новый соль,перуанский валюта,валюта перу,перуанский деньги;{"name": "новый соль", "abbreviation": "PEN", "symbol": "S/", "coin": "сентимо", "coinPart": "0,01", "possibleAmbiguity":""}
107;PGK,кина,валюта папуа;{"name": "кина", "abbreviation": "PGK", "symbol": "K", "coin": "тойя", "coinPart": "0,01", "possibleAmbiguity":""}
108;PKR,пакистанский рупия,пакистанский валюта,валюта пакистана,рупия пакистанский,пакистанский деньги;{"name": "пакистанская рупия", "abbreviation": "PKR", "symbol": "", "coin": "пайса", "coinPart": "0,01", "possibleAmbiguity":"рупия"}
109;PYG,гуарани,парагвайский валюта,валюта парагвая,парагвайский деньги;{"name": "гуарани", "abbreviation": "PYG", "symbol": "₲", "coin": "сентимо", "coinPart": "0,01", "possibleAmbiguity":""}
110;QAR,катарский риал,катарский валюта,валюта катара,риал катарский,катарский деньги;{"name": "катарский риал", "abbreviation": "QAR", "symbol": "", "coin": "дирхам", "coinPart": "0,01", "possibleAmbiguity":"риал"}
111;RSD,сербский динар,динар сербский,сербский валюта,сербский деньги;{"name": "сербский динар", "abbreviation": "RSD", "symbol": "", "coin": "пара", "coinPart": "0,01", "possibleAmbiguity":"динар"}
112;RWF,франк руанды,валюта руанды,деньги руанды;{"name": "франк Руанды", "abbreviation": "RWF", "symbol": "₣", "coin": "", "coinPart": "0,01", "possibleAmbiguity":"франк"}
113;SAR,саудовский риял,саудовские риялы,саудовского рияла,саудовских риялов,саудовскому риялу,саудовским риялам,саудовским риялом,саудовскими риялами,саудовском рияле,саудовских риялах,валюта саудовской аравии,деньги саудовской аравии;{"name": "саудовский риял", "abbreviation": "SAR", "symbol": "", "coin": "халал", "coinPart": "0,01", "possibleAmbiguity":""}
114;SBD,доллар соломоновых островов,валюта соломоновых островов,деньги соломоновых островов;{"name": "доллар Соломоновых Островов", "abbreviation": "SBD", "symbol": "$", "coin": "цент", "coinPart": "0,01", "possibleAmbiguity":"доллар"}
115;SCR,сейшельский рупия,рупия сейшельский,сейшельский валюта,сейшельский деньги;{"name": "сейшельская рупия", "abbreviation": "SCR", "symbol": "", "coin": "цент", "coinPart": "0,01", "possibleAmbiguity":"рупия"}
116;SDG,суданский фунт,суданский валюта,валюта судана,фунт суданский,суданский валюта,суданский деньги;{"name": "суданский фунт", "abbreviation": "SDG", "symbol": "£", "coin": "пиастр", "coinPart": "0,01", "possibleAmbiguity":"фунт"}
117;SLL,леоне,валюта сьерра-Леоне,валюта сьерра леоне,деньги сьерра леоне,деньги сьерра-Леоне;{"name": "леоне", "abbreviation": "SLL", "symbol": "Le", "coin": "цент", "coinPart": "0,01", "possibleAmbiguity":""}
118;SOS,сомалийский шиллинг,сомалийский валюта,шиллинг сомалийский,сомалийский деньги;{"name": "сомалийский шиллинг", "abbreviation": "SOS", "symbol": "S", "coin": "цент", "coinPart": "0,01", "possibleAmbiguity":"шиллинг"}
119;SRD,суринамский доллар,суринамский валюта,доллар суринамский,суринамский деньги;{"name": "суринамский доллар", "abbreviation": "SRD", "symbol": "$", "coin": "цент", "coinPart": "0,01", "possibleAmbiguity":"доллар"}
120;SSP,южносуданский фунт,южно-суданский фунт,южно суданский фунт,южносуданский валюта,фунт южносуданский,южносуданский деньги;{"name": "южносуданский фунт", "abbreviation": "SSP", "symbol": "SSP", "coin": "пиастр", "coinPart": "0,01", "possibleAmbiguity":"фунт"}
121;STN,добра,валюта сан-Томе и принсипи,деньги сан-Томе и принсипи,валюта сан томе и принсипи,деньги сан томе и принсипи;{"name": "добра Сан-Томе и Принсипи", "abbreviation": "STN", "symbol": "Db", "coin": "сентимо", "coinPart": "0,01", "possibleAmbiguity":""}
122;SYP,сирийский фунт,сирийский валюта,валюта сирии,фунт сирийский,сирийский деньги;{"name": "сирийский фунт", "abbreviation": "SYP", "symbol": "", "coin": "пиастр", "coinPart": "0,01", "possibleAmbiguity":"фунт"}
123;SZL,лилангени,эмалангени,валюта свазиленда,деньги свазиленда;{"name": "лилангени", "abbreviation": "SZL", "symbol": "", "coin": "цент", "coinPart": "0,01", "possibleAmbiguity":""}
124;TJS,сомони,валюта таджикистана,таджикистанский валюта,таджикский валюта,таджикский деньги;{"name": "сомони", "abbreviation": "TJS", "symbol": "с.", "coin": "дирам", "coinPart": "0,01", "possibleAmbiguity":""}
125;TMT,новый туркменский манат,туркменский валюта,валюта туркмении,туркменский деньги;{"name": "новый туркменский манат", "abbreviation": "TMT", "symbol": "m", "coin": "тенге", "coinPart": "0,01", "possibleAmbiguity":"манат"}
126;TND,тунисский динар,тунисский валюта,туниский валюта,валюта туниса,динар тунисский,туниский динар,динар туниский,туниский деньги,тунисский деньги;{"name": "тунисский динар", "abbreviation": "TND", "symbol": "", "coin": "миллим", "coinPart": "0,001", "possibleAmbiguity":"динар"}
127;TOP,паанга,тонганский валюта,тонганский деньги;{"name": "паанга", "abbreviation": "TOP", "symbol": "$", "coin": "цент", "coinPart": "0,01", "possibleAmbiguity":""}
128;TTD,доллар тринидада и тобаго,валюта тринидада и тобаго,деньги тринидада и тобаго;{"name": "доллар Тринидада и Тобаго", "abbreviation": "TTD", "symbol": "$", "coin": "цент", "coinPart": "0,01", "possibleAmbiguity":"доллар"}
129;TWD,новый тайваньский доллар,тайваньский валюта,тайваньский доллар,доллар тайваньский,тайваньский деньги;{"name": "новый тайваньский доллар", "abbreviation": "TWD", "symbol": "NT$", "coin": "цент", "coinPart": "0,01", "possibleAmbiguity":"доллар"}
130;TZS,танзанийский шиллинг,танзанийский валюта,валюта танзании,шиллинг танзанийский,танзанийский деньги;{"name": "танзанийский шиллинг", "abbreviation": "TZS", "symbol": "TSh", "coin": "цент", "coinPart": "0,01", "possibleAmbiguity":"шиллинг"}
131;UAH,гривна,гривны,гривен,гривне,гривнам,гривну,гривной,гривнами,гривне,гривнах,украинская гривна,украинские гривны,украинских гривен,украинской гривне,украинским гривнам,украинскую гривну,украинской гривной,украинскими гривнами,украинских гривнах,украинский валюта,валюта украины,украинский деньги;{"name": "украинская гривна", "abbreviation": "UAH", "symbol": "₴", "coin": "копейка", "coinPart": "0,01", "possibleAmbiguity":""}
132;UGX,угандийский шиллинг,угандийский валюта,валюта уганды,шиллинг угандийский,угандийский деньги;{"name": "угандийский шиллинг", "abbreviation": "UGX", "symbol": "USh", "coin": "цент", "coinPart": "0,01", "possibleAmbiguity":"шиллинг"}
133;UYU,уругвайский песо,песо уругвайский,уругвайский валюта,уругвайский деньги;{"name": "уругвайское песо", "abbreviation": "UYU", "symbol": "", "coin": "сентесимо", "coinPart": "0,01", "possibleAmbiguity":"песо"}
134;UZS,узбекский сум,узбекский валюта,валюта узбекистана,сум узбекский,сум,узбекский деньги;{"name": "узбекский сум", "abbreviation": "UZS", "symbol": "", "coin": "тийин", "coinPart": "0,01", "possibleAmbiguity":""}
135;VEF,боливар фуэрте;{"name": "боливар фуэрте", "abbreviation": "VEF", "symbol": "Bs. S.", "coin": "сентимо", "coinPart": "0,01", "possibleAmbiguity":""}
136;VES,суверенный боливар,боливар суверенный,валюта венесуэлы,венесуэльский валюта,венесуэльский боливар,боливар,венесуэльский деньги;{"name": "суверенный боливар", "abbreviation": "VES", "symbol": "Bs. S.", "coin": "сентимо", "coinPart": "0,01", "possibleAmbiguity":""}
137;VUV,вату,вату вануату;{"name": "вату", "abbreviation": "VUV", "symbol": "Vt", "coin": "", "coinPart": "0,01", "possibleAmbiguity":""}
138;WST,тала,валюта самоа;{"name": "тала", "abbreviation": "WST", "symbol": "$", "coin": "цент", "coinPart": "0,01", "possibleAmbiguity":""}
139;XOF,франк КФА,франк Африканского финансового сообщества,западноафриканский франк,западно африканский франк,западно-африканский франк,франк западноафриканский,франк западно-африканский,франк западно африканский,франк западной африки;{"name": "франк КФА BCEAO", "abbreviation": "XOF", "symbol": "₣", "coin": "сантим", "coinPart": "0,01", "possibleAmbiguity":"франк"}
140;XCD,восточно-карибский доллар,доллар восточно-карибский,восточно карибский доллар,восточнокарибский доллар,восточнокарибский валюта,восточно-карибский валюта,восточнокарибский деньги,восточно-карибский деньги;{"name": "восточно-карибский доллар", "abbreviation": "XCD", "symbol": "$", "coin": "цент", "coinPart": "0,01", "possibleAmbiguity":"доллар"}
141;YER,йеменский риал,йеменский валюта,риал йеменский,йеменский деньги;{"name": "йеменский риал", "abbreviation": "YER", "symbol": "", "coin": "филс", "coinPart": "0,01", "possibleAmbiguity":"риал"}
142;ZMW,замбийский квача,замбийский валюта,квача замбийский,замбийский деньги;{"name": "замбийская квача", "abbreviation": "ZMW", "symbol": "K", "coin": "нгве", "coinPart": "0,01", "possibleAmbiguity":"квача"}
143;AWG,Арубанский флорин,валюта Арубы,арубанский валюта,флорин,арубанский деньги;{"name": "арубанский флорин", "abbreviation": "AWG", "symbol": "ƒ", "coin": "цент", "coinPart": "0,01", "possibleAmbiguity":""}
144;FKP,фунт фолклендских островов,валюта фолклендских островов,деньги фолклендских островов;{"name": "фунт Фолклендских островов", "abbreviation": "FKP", "symbol": "£", "coin": "пенни", "coinPart": "0,01", "possibleAmbiguity":"фунт"}
145;BMD,бермудский доллар,валюта бермудских островов,доллар бермудских островов,деньги бермудских островов;{"name": "бермудский доллар", "abbreviation": "BMD", "symbol": "$", "coin": "цент", "coinPart": "0,01", "possibleAmbiguity":"доллар"}
146;KYD,доллар островов кайман,валюта каймановых островов,доллар каймановых островов,деньги каймановых островов;{"name": "доллар Каймановых островов", "abbreviation": "KYD", "symbol": "$", "coin": "цент", "coinPart": "0,01", "possibleAmbiguity":"доллар"}
147;ANG,гульден,нидерландский антильский гульден;{"name": "нидерландский антильский гульден", "abbreviation": "ANG", "symbol": "", "coin": "цент", "coinPart": "0,01", "possibleAmbiguity":""}
148;MOP,патака,патака макао,валюта макао,деньги макао;{"name": "патака", "abbreviation": "MOP", "symbol": "$", "coin": "аво", "coinPart": "0,01", "possibleAmbiguity":""}
149;XPF,тихоокеанский франк,франк тихоокеанский,франк КФП,тихо океанский франк,тихоокеанский валюта,тихоокеанский деньги;{"name": "Тихоокеанский франк", "abbreviation": "XPF", "symbol": "₣", "coin": "сантим", "coinPart": "0,01", "possibleAmbiguity":" франк"}
150;PAB,панамский бальбоа,бальбоа,панамский валюта,панамский деньги;{"name": "бальбоа", "abbreviation": "PAB", "symbol": "", "coin": "сентесимо", "coinPart": "0,01", "possibleAmbiguity":""}
151;SVC,сальвадорский колон,сальвадорский валюта,сальвадорский деньги;{"name": "сальвадорский колон", "abbreviation": "SVC", "symbol": "₡", "coin": "сентаво", "coinPart": "0,01", "possibleAmbiguity":"колон"}
152;SHP,фунт святой елены,валюта святой елены;{"name": "фунт Святой Елены", "abbreviation": "SHP", "symbol": "£", "coin": "пенни", "coinPart": "0,01", "possibleAmbiguity":"фунт"}
153;JOD,иорданский динар, иорданский валюта,иорданский деньги;{"name": "иорданский динар", "abbreviation": "JOD", "symbol": "", "coin": "пиастр", "coinPart": "0,01", "possibleAmbiguity":"динар"}
154;силендский доллар,SX$,силендский валюта,силендский деньги;{"name": "силендский доллар", "abbreviation": "", "symbol": "SX$", "coin": "цент", "coinPart": "0,01", "possibleAmbiguity":""}
155;динерландский крона,крона динерландский,динерландская крона,динерландские кроны,динерландской кроны,динерландских крон,динерландской кроне,динерландским кронам,динерландскую крону,динерландской кроной,динерландскими кронами,динерландской кроне,динерландских кронах,динерландский валюта,динерландский деньги;{"name": "динерландская крона", "abbreviation": "", "symbol": "Ҟ", "coin": "чеканная крона", "coinPart": "0,01", "possibleAmbiguity":""}
156;валора,валюта молоссии,деньги молоссии,валюта молоссии;{"name": "валора", "abbreviation": "", "symbol": "", "coin": "Футтрус", "coinPart": "0,001", "possibleAmbiguity":""}
157;доллар Хатт-Ривера,валюта Хатт-Ривера,доллар хатт ривера,валюта хатт ривера,деньги хатт ривера,деньги Хатт-Ривера;{"name": "доллар Хатт-Ривера", "abbreviation": "", "symbol": "", "coin": "цент", "coinPart": "0,01", "possibleAmbiguity":""}
158;великопитерский фунт,фунт великопитерский,великопитерский валюта,великопитерский деньги;{"name": "великопитерский фунт", "abbreviation": "", "symbol": "§", "coin": "фунутс", "coinPart": "0,01", "possibleAmbiguity":""}
159;ERK,крона королевства эрландии,эрландский крона,эрландская крона,эрландские кроны,эрландской кроны,эрландских крон,эрландской кроне,эрландским кронам,эрландскую крону,эрландской кроной,эрландскими кронами,эрландской кроне,эрландских кронах,крона эрландии,крона эрландский,валюта эрландии,эрландский валюта,эрландский деньги;{"name": "крона королевства Эрландии", "abbreviation": "ERK", "symbol": "", "coin": "цент", "coinPart": "0,01", "possibleAmbiguity":""}
160;вильналандский форинт,форинт вильналандский,вильналандский валюта,вильналандский деньги;{"name": "вильналандский форинт", "abbreviation": "", "symbol": "", "coin": "", "coinPart": "0,01", "possibleAmbiguity":""}
161;IVR,ивстрийский рус,рус ивстрийский,ивстрийский валюта,ивстрийский деньги;{"name": "ивстрийский рус", "abbreviation": "IVR", "symbol": "", "coin": "", "coinPart": "0,01", "possibleAmbiguity":""}
162;ALD,аимерландский динарий,динарий аимерландский,алжирский деньги,аимерландский валюта;{"name": "аимерландский динарий", "abbreviation": "ALD", "symbol": "", "coin": "аимерландский пара", "coinPart": "0,01", "possibleAmbiguity":""}
163;дикрайский динар,динар дикрайский,дикрайский валюта,дикрайский деньги;{"name": "дикрайский динар", "abbreviation": "", "symbol": "", "coin": "ант", "coinPart": "0,01", "possibleAmbiguity":""}
164;VLF,велансийский виллинт,виллинт велансийский,велансийский валюта,велансийский деньги;{"name": "велансийский виллинт", "abbreviation": "VLF", "symbol": "", "coin": "копейка", "coinPart": "0,01", "possibleAmbiguity":""}
165;SPL,себоргский луиджино,луиджино,луиджино себоргский,себоргский валюта,себоргский деньги;{"name": "себоргский луиджино", "abbreviation": "SPL", "symbol": "", "coin": "", "coinPart": "0,01", "possibleAmbiguity":""}
166;VND,донг,валюта вьетнама,вьетнамский валюта,вьетнамский деньги;{"name": "донг", "abbreviation": "VND", "symbol": "₫", "coin": "", "coinPart": "0,01", "possibleAmbiguity":""}
167;GIP,гибралтарский фунт,фунт гибралтарский,гибралтарский деньги,гибралтарский валюта;{"name": "гибралтарский фунт", "abbreviation": "GIP", "symbol": "£", "coin": "пенни", "coinPart": "0,01", "possibleAmbiguity":"фунт"}
168;ZWL,доллар зимбабве,валюта зимбабве,деньги зимбабве;{"name": "доллар Зимбабве", "abbreviation": "ZWL", "symbol": "$", "coin": "цент", "coinPart": "0,01", "possibleAmbiguity":"доллар"}
169;XAF,франк КФА BEAC,франк финансового сотрудничества в Центральной Африке,центральноафриканский франк,центрально африканский франк,центрально-африканский франк,франк центральноафриканский,франк центрально африканский,франк центральной африки,франк центрально-африканский;{"name": "франк КФА BEAC", "abbreviation": "XAF", "symbol": "₣", "coin": "сантим", "coinPart": "0,01", "possibleAmbiguity":"франк"}
170;XDR,SDR,СПЗ,СДР,специальный права заимствования;{"name": "специальные права заимствования", "abbreviation": "XDR", "symbol": "", "coin": "", "coinPart": "", "possibleAmbiguity":""}
