1;Europa FM, европа фм;{"title":"Europa FM","id":"14095"}
2;Новое Музыка;{"title":"Новое Музыка","id":"15327"}
3;Bells Эзотерическое радио;{"title":"Bells Эзотерическое радио","id":"21971"}
4;Bells Радио Закарпаття ФМ;{"title":"Bells Радио Закарпаття ФМ","id":"21969"}
5;Bells Радио Миллениум;{"title":"Bells Радио Миллениум","id":"21968"}
6;Bells MakRadioРетроХит;{"title":"Bells MakRadioРетроХит","id":"21975"}
7;Bells MGDC Russian Dance;{"title":"Bells MGDC Russian Dance","id":"21973"}
8;Bells Радио Орда;{"title":"Bells Радио Орда","id":"21972"}
9;Second Shadow of The Yellow Submarine I;{"title":"Second Shadow of The Yellow Submarine I","id":"26263"}
10;Bells Гоп ФМ;{"title":"Bells Гоп ФМ","id":"21963"}
11;Bells Хорошее радио;{"title":"Bells Хорошее радио","id":"21960"}
12;RadioSoul,soul;{"title":"RadioSoul","id":"26264"}
13;Bells Радио Н;{"title":"Bells Радио Н","id":"21961"}
14;Bells Радио 3DO;{"title":"Bells Радио 3DO","id":"21967"}
15;Bells Авторадио, Авторадио;{"title":"Авторадио","id":"21964"}
16;Радио Fox FM;{"title":"Радио Fox FM","id":"19484"}
17;Europa Plus СВЕЖЕЕ Fresh;{"title":"Europa Plus СВЕЖЕЕ Fresh","id":"19473"}
18;Europa Plus Dance;{"title":"Europa Plus Dance","id":"19472"}
19;Europa Plus R & B;{"title":"Europa Plus R & B","id":"19470"}
20;Europa Plus Top 40;{"title":"Europa Plus Top 40","id":"19471"}
21;BEST FM Radio;{"title":"BEST FM Radio","id":"19511"}
22;RUSSIAN DRIVE FM;{"title":"RUSSIAN DRIVE FM","id":"13095"}
23;Visual Neoclassical Omdaru;{"title":"Visual Neoclassical Omdaru","id":"13092"}
24;Maks FM;{"title":"Maks FM","id":"18529"}
25;MC радио Саранск;{"title":"MC радио Саранск","id":"17599"}
26;Rock Radio KINO;{"title":"Rock Radio KINO","id":"19649"}
27;Radio My Udmurtia,My Udmurtia;{"title":"Radio My Udmurtia","id":"19648"}
28;Synth Radio;{"title":"Synth Radio","id":"19651"}
29;Восток России East of Russia;{"title":"Восток России East of Russia","id":"19652"}
30;101.ru Lemma Vladivostok;{"title":"101.ru Lemma Vladivostok","id":"22967"}
31;Radio ASIA Plus رادیو آسیا پلاس تاجیکستان;{"title":"Radio ASIA Plus رادیو آسیا پلاس تاجیکستان","id":"27350"}
32;Astaffy;{"title":"Astaffy","id":"28291"}
33;Rock Radio Kino;{"title":"Rock Radio Kino","id":"7504"}
34;Okolojazza;{"title":"Okolojazza","id":"9963"}
35;Barneo Fm;{"title":"Barneo Fm","id":"13185"}
36;DJStation.ru;{"title":"DJStation.ru","id":"19639"}
37;Nostalgia.ru Reggue Perm Moscow;{"title":"Nostalgia.ru Reggue Perm Moscow","id":"23940"}
38;101.ru Noname FM;{"title":"101.ru Noname FM","id":"23938"}
39;Nostalgia.ru Junior Perm Moscow, Ностальжи;{"title":"Nostalgia.ru Junior Perm Moscow","id":"23939"}
40;Sky Records;{"title":"Sky Records","id":"23936"}
41;101.ru Night FM;{"title":"101.ru Night FM","id":"23937"}
42;PromoDJ YO Radio Channel;{"title":"PromoDJ YO Radio Channel","id":"19646"}
43;PromoDJ Dubstep Channel;{"title":"PromoDJ Dubstep Channel","id":"19647"}
44;PromoDJ Pacha Radio Channel;{"title":"PromoDJ Pacha Radio Channel","id":"19644"}
45;PromoDJ TOO NU Channel;{"title":"PromoDJ TOO NU Channel","id":"19645"}
46;Oldstarnow.CT.FM;{"title":"Oldstarnow.CT.FM","id":"19642"}
47;PromoDJ POP Channel;{"title":"PromoDJ POP Channel","id":"19643"}
48;Radio Bob JAZZ;{"title":"Radio Bob JAZZ","id":"19622"}
49;Radio Mega Translit;{"title":"Radio Mega Translit","id":"19631"}
50;Radio Na100FM;{"title":"Radio Na100FM","id":"19629"}
51;101.ru Pet Shop Boys;{"title":"101.ru Pet Shop Boys","id":"23964"}
52;Электрокружок;{"title":"Электрокружок","id":"22997"}
53;Этноград FM;{"title":"Этноград FM","id":"22996"}
54;ВестиFM, Вести ФМ, Вести FM, Вести;{"title":"ВестиFM","id":"12196"}
55;Radio Record Trancemission;{"title":"Radio Record Trancemission","id":"12205"}
56;FRMX;{"title":"FRMX","id":"9071"}
57;KaTeK.net;{"title":"KaTeK.net","id":"16055"}
58;Радио Ballads of Madonna;{"title":"Радио Ballads of Madonna","id":"22544"}
59;Радио На Востоке;{"title":"Радио На Востоке","id":"22533"}
60;Радио Романтика Пермь;{"title":"Радио Романтика Пермь","id":"22535"}
61;Радио Тихий Дон НАШЕ Ростов;{"title":"Радио Тихий Дон НАШЕ Ростов","id":"22529"}
62;Radio 7;{"title":"Radio 7","id":"12177"}
63;Радио Галактика;{"title":"Радио Галактика","id":"22528"}
64;liveatc.net URKK Gnd/Twr/App;{"title":"liveatc.net URKK Gnd/Twr/App","id":"20634"}
65;РадиоNN;{"title":"РадиоNN","id":"22530"}
66;Радио ABC Beatles;{"title":"Радио ABC Beatles","id":"22541"}
67;радио Майкл Джексон;{"title":"радио Майкл Джексон","id":"22540"}
68;Радио The Black Eyed Peas;{"title":"Радио The Black Eyed Peas","id":"22543"}
69;Not Fm Extra Radio;{"title":"Not Fm Extra Radio","id":"9035"}
70;Радио Britney Spears;{"title":"Радио Britney Spears","id":"22542"}
71;Радио Madonna;{"title":"Радио Madonna","id":"22537"}
72;Радио Ретро FM Уфа, ретро фм, ретро fm, ретро;{"title":"Радио Ретро FM Уфа","id":"22536"}
73;Радио Michael Jackson City;{"title":"Радио Michael Jackson City","id":"22539"}
74;Радио Michael Jackson;{"title":"Радио Michael Jackson","id":"22538"}
75;Nashe Radio;{"title":"Nashe Radio","id":"5163"}
76;Теос;{"title":"Теос","id":"22646"}
77;Pioner Fm;{"title":"Pioner Fm","id":"5165"}
78;New Russia;{"title":"New Russia","id":"5164"}
79;Gorod Fm;{"title":"Gorod Fm","id":"5153"}
80;Bells Радио ИСКАТЕЛЬ;{"title":"Bells Радио ИСКАТЕЛЬ","id":"22654"}
81;Bells Радио Сибирь;{"title":"Bells Радио Сибирь","id":"22655"}
82;Lira Fm;{"title":"Lira Fm","id":"5157"}
83;Bells HR радио;{"title":"Bells HR радио","id":"22653"}
84;Эхо Москвы Екатеринбург;{"title":"Эхо Москвы Екатеринбург","id":"23596"}
85;Radio Hitmix;{"title":"Radio Hitmix","id":"10092"}
86;Shtorm.FM Gold;{"title":"Shtorm.FM Gold","id":"13929"}
87;Shtorm.FM Rock;{"title":"Shtorm.FM Rock","id":"13928"}
88;Radio Forex Expo;{"title":"Radio Forex Expo","id":"13931"}
89;Horoshee FM;{"title":"Horoshee FM","id":"13930"}
90;Радио Регион 29;{"title":"Радио Регион 29","id":"22612"}
91;Радио 26 Ставрополь;{"title":"Радио 26 Ставрополь","id":"22613"}
92;Радио 7 На 7 Холмах, Радио 7;{"title":"Радио 7 На 7 Холмах","id":"22615"}
93;Радио Forex Expo;{"title":"Радио Forex Expo","id":"22616"}
94;Эхо Москвы;{"title":"Эхо Москвы","id":"12234"}
95;Радио Rush FM онлайн;{"title":"Радио Rush FM онлайн","id":"22619"}
96;Shtorm.FM Club;{"title":"Shtorm.FM Club","id":"13925"}
97;Радио Автос Иркутск;{"title":"Радио Автос Иркутск","id":"22620"}
98;радио краснояск;{"title":"радио краснояск","id":"22621"}
99;Shtorm.FM Russian;{"title":"Shtorm.FM Russian","id":"13927"}
100;Shtorm.FM Trend;{"title":"Shtorm.FM Trend","id":"13926"}
101;Радио 31 Белгород;{"title":"Радио 31 Белгород","id":"22623"}
102;Europa Plus, Европа Плюс;{"title":"Европа Плюс","id":"38706"}
103;Прибой;{"title":"Прибой","id":"16101"}
104;Europa Plus Kirov;{"title":"Europa Plus Kirov","id":"5151"}
105;Toma Классическая музыка;{"title":"Toma Классическая музыка","id":"22719"}
106;Narodnaya Wolna;{"title":"Narodnaya Wolna","id":"12077"}
107;Радио Комсомольская Правда;{"title":"Радио Комсомольская Правда","id":"21613"}
108;TranceONE;{"title":"TranceONE","id":"13953"}
109;Мост радио;{"title":"Мост радио","id":"22707"}
110;Bells Радио Мариинский;{"title":"Bells Радио Мариинский","id":"22706"}
111;Akado Roots Reggae;{"title":"Akado Roots Reggae","id":"22702"}
112;Akado Oldies;{"title":"Akado Oldies","id":"22701"}
113;Akado Радио Алла;{"title":"Akado Радио Алла","id":"22696"}
114;Andre FM;{"title":"Andre FM","id":"17741"}
115;Akado Связной Радио;{"title":"Akado Связной Радио","id":"22692"}
116;Akado VLADIVOSTOK.FM;{"title":"Akado VLADIVOSTOK.FM","id":"22691"}
117;Radio.ipip.cz Mayama;{"title":"Radio.ipip.cz Mayama","id":"11133"}
118;Интерволна Златоуст;{"title":"Интерволна Златоуст","id":"22688"}
119;Akado Радио День Москва;{"title":"Akado Радио День Москва","id":"22689"}
120;Akado Радио Вышка;{"title":"Akado Радио Вышка","id":"22687"}
121;PromoDJ BOBINA Radio Channel;{"title":"PromoDJ BOBINA Radio Channel","id":"25425"}
122;Rus EVE Radio;{"title":"Rus EVE Radio","id":"22679"}
123;Radonezh;{"title":"Radonezh","id":"20489"}
124;Bells UP FM;{"title":"Bells UP FM","id":"22673"}
125;Bells Pink City Beats;{"title":"Bells Pink City Beats","id":"22675"}
126;Brend Radio;{"title":"Brend Radio","id":"10117"}
127;Bells Рок Прорыв Готик Симфо Радио;{"title":"Bells Рок Прорыв Готик Симфо Радио","id":"22669"}
128;Bells Рок Прорыв Фолк;{"title":"Bells Рок Прорыв Фолк","id":"22670"}
129;Destroyer;{"title":"Destroyer","id":"25415"}
130;Bells Рок Прорыв Авангард;{"title":"Bells Рок Прорыв Авангард","id":"22671"}
131;PromoDJ TOPChannel;{"title":"PromoDJ TOPChannel","id":"25421"}
132;Bells Радио eTVnet диско СССРUSSR;{"title":"Bells Радио eTVnet диско СССРUSSR","id":"22661"}
133;Bells Электронная Волна;{"title":"Bells Электронная Волна","id":"22656"}
134;Bells Радио Центр;{"title":"Bells Радио Центр","id":"22657"}
135;Bells Волгоград ФМ;{"title":"Bells Волгоград ФМ","id":"22658"}
136;Bells Радио PlayPoint;{"title":"Bells Радио PlayPoint","id":"22659"}
137;East Russia;{"title":"East Russia","id":"10225"}
138;Akado moskvy;{"title":"Akado moskvy","id":"22783"}
139;Akado jumor;{"title":"Akado jumor","id":"22782"}
140;Akado most;{"title":"Akado most","id":"22781"}
141;Akado Borneo;{"title":"Akado Borneo","id":"22780"}
142;Toma Italo Disco;{"title":"Toma Italo Disco","id":"22771"}
143;Toma Сделано в СССР USSR;{"title":"Toma Сделано в СССР USSR","id":"22770"}
144;Toma Trip Hop;{"title":"Toma Trip Hop","id":"22769"}
145;Djstationru;{"title":"Djstationru","id":"9141"}
146;Toma Disco 90;{"title":"Toma Disco 90","id":"22772"}
147;Toma Deep Purple;{"title":"Toma Deep Purple","id":"22762"}
148;Toma Uriah Heep;{"title":"Toma Uriah Heep","id":"22763"}
149;Toma AC/DC;{"title":"Toma AC/DC","id":"22760"}
150;Toma Alice Cooper;{"title":"Toma Alice Cooper","id":"22761"}
151;Toma Queen;{"title":"Toma Queen","id":"22766"}
152;Toma Хиты Поп Эстрады;{"title":"Toma Хиты Поп Эстрады","id":"22767"}
153;Toma Scorpions;{"title":"Toma Scorpions","id":"22764"}
154;Toma Depeche Mode;{"title":"Toma Depeche Mode","id":"22765"}
155;Toma Ария;{"title":"Toma Ария","id":"22754"}
156;Toma Кино;{"title":"Toma Кино","id":"22755"}
157;Toma Rolling Stones;{"title":"Toma Rolling Stones","id":"22752"}
158;Toma Любэ;{"title":"Toma Любэ","id":"22753"}
159;Toma Наутилус Помпилиус;{"title":"Toma Наутилус Помпилиус","id":"22758"}
160;Toma Led Zeppelin;{"title":"Toma Led Zeppelin","id":"22759"}
161;Toma Агата Кристи USSR;{"title":"Toma Агата Кристи USSR","id":"22756"}
162;Toma Alisa;{"title":"Toma Alisa","id":"22757"}
163;Toma Be Bop;{"title":"Toma Be Bop","id":"22745"}
164;Toma Electro jazz;{"title":"Toma Electro jazz","id":"22744"}
165;Toma Музыка Реггей;{"title":"Toma Музыка Реггей","id":"22747"}
166;Toma Country and Western;{"title":"Toma Country and Western","id":"22746"}
167;Toma Tango;{"title":"Toma Tango","id":"22749"}
168;Toma Dub;{"title":"Toma Dub","id":"22748"}
169;Toma The Beatles;{"title":"Toma The Beatles","id":"22751"}
170;Toma Владимир Высоцкий;{"title":"Toma Владимир Высоцкий","id":"22750"}
171;Toma Symphonic Rock;{"title":"Toma Symphonic Rock","id":"22737"}
172;Toma Psychedelic Acid Rock;{"title":"Toma Psychedelic Acid Rock","id":"22736"}
173;Toma Garage Rock;{"title":"Toma Garage Rock","id":"22739"}
174;Toma Grunge;{"title":"Toma Grunge","id":"22738"}
175;Toma Fusion Jazz;{"title":"Toma Fusion Jazz","id":"22741"}
176;Toma Кривбасс Rock;{"title":"Toma Кривбасс Rock","id":"22740"}
177;Toma Funk Jazz, фанк;{"title":"Toma Funk Jazz","id":"22743"}
178;Toma Acid Jazz;{"title":"Toma Acid Jazz","id":"22742"}
179;Toma Bass Music;{"title":"Toma Bass Music","id":"22728"}
180;Toma Drum'n'Bass;{"title":"Toma Drum'n'Bass","id":"22729"}
181;Folkradio.ru Folkradio.ru;{"title":"Folkradio.ru Folkradio.ru","id":"9103"}
182;Toma Рэп, рэп;{"title":"Toma Рэп","id":"22730"}
183;Toma Hip Hop, хип-хоп;{"title":"Toma Hip Hop","id":"22731"}
184;Toma Rock n Roll;{"title":"Toma Rock n Roll","id":"22732"}
185;Toma Classic Rock;{"title":"Toma Classic Rock","id":"22733"}
186;Toma Русский рок;{"title":"Toma Русский рок","id":"22734"}
187;Toma Glam Rock;{"title":"Toma Glam Rock","id":"22735"}
188;Toma Классика в современной обработке;{"title":"Toma Классика в современной обработке","id":"22720"}
189;Toma Soul, соул;{"title":"Toma Soul","id":"22721"}
190;Toma Ambient;{"title":"Toma Ambient","id":"22722"}
191;Toma Funk Pop;{"title":"Toma Funk Pop","id":"22723"}
192;Toma Nu Disco;{"title":"Toma Nu Disco","id":"22724"}
193;Toma House, хаус;{"title":"Toma House","id":"22725"}
194;Toma Electro House;{"title":"Toma Electro House","id":"22726"}
195;Toma Tech House;{"title":"Toma Tech House","id":"22727"}
196;RussianRadio;{"title":"RussianRadio","id":"18149"}
197;Волна ФМ Алапаевск;{"title":"Волна ФМ Алапаевск","id":"22485"}
198;Авторадио Смоленск;{"title":"Авторадио Смоленск","id":"22484"}
199;Радио Kuzmin.FM;{"title":"Радио Kuzmin.FM","id":"18147"}
200;Авторадио Нальчик;{"title":"Авторадио Нальчик","id":"22483"}
201;Авторадио Воронеж;{"title":"Авторадио Воронеж","id":"22482"}
202;Аплюс Радио Хип хоп Минск;{"title":"Аплюс Радио Хип хоп Минск","id":"22481"}
203;Radio Bryansk FM;{"title":"Radio Bryansk FM","id":"18144"}
204;Аплюс Радио Рок Махачкала Минск;{"title":"Аплюс Радио Рок Махачкала Минск","id":"22480"}
205;радио Теле Сат Tele Sat;{"title":"радио Теле Сат Tele Sat","id":"22495"}
206;радио Фантастика fantastiki;{"title":"радио Фантастика fantastiki","id":"22494"}
207;радио ЧипльДук ChiplDuk;{"title":"радио ЧипльДук ChiplDuk","id":"22493"}
208;Sosh Radio Москва;{"title":"Sosh Radio Москва","id":"22490"}
209;AM Радио Мария Россия;{"title":"AM Радио Мария Россия","id":"22470"}
210;Эко Радио;{"title":"Эко Радио","id":"21387"}
211;Radio Hiphop;{"title":"Radio Hiphop","id":"9241"}
212;AM Радио Орфей Orfey;{"title":"AM Радио Орфей Orfey","id":"22469"}
213;Radio KRFP;{"title":"Radio KRFP","id":"21378"}
214;Аплюс Радио Beat Минск;{"title":"Аплюс Радио Beat Минск","id":"22478"}
215;Радио Сити Тюмень;{"title":"Радио Сити Тюмень","id":"22477"}
216;KISS FM [Moscow];{"title":"KISS FM [Moscow]","id":"23326"}
217;Radio Wizard 80s 90s;{"title":"Radio Wizard 80s 90s","id":"21383"}
218;Djstationru;{"title":"Djstationru","id":"9237"}
219;Радио RPR онлайн;{"title":"Радио RPR онлайн","id":"18117"}
220;Russkoye Radio Apsheronsk;{"title":"Russkoye Radio Apsheronsk","id":"24809"}
221;Radio San FM POP;{"title":"Radio San FM POP","id":"22517"}
222;Радио HIT Channel TRKeurasia онлайн;{"title":"Радио HIT Channel TRKeurasia онлайн","id":"18116"}
223;Russkoye Radio Russian Rock;{"title":"Russkoye Radio Russian Rock","id":"24808"}
224;радио Сун Вєтнам Sun Vietnam;{"title":"радио Сун Вєтнам Sun Vietnam","id":"22516"}
225;Радио Супермаркет Тамбов;{"title":"Радио Супермаркет Тамбов","id":"22519"}
226;Рсн;{"title":"Рсн","id":"13595"}
227;Радио Русский Шторм онлайн;{"title":"Радио Русский Шторм онлайн","id":"18118"}
228;Радио Imagination онлайн;{"title":"Радио Imagination онлайн","id":"18113"}
229;Радио Тат Радио Центр онлайн;{"title":"Радио Тат Радио Центр онлайн","id":"18112"}
230;Радио Кинозал Tochka;{"title":"Радио Кинозал Tochka","id":"22512"}
231;Радио Soulplay онлайн;{"title":"Радио Soulplay онлайн","id":"18115"}
232;Радио Teodor Hardstyle онлайн;{"title":"Радио Teodor Hardstyle онлайн","id":"18114"}
233;Радио тат центры Tat centre;{"title":"Радио тат центры Tat centre","id":"22514"}
234;Zaycev RnB;{"title":"Zaycev RnB","id":"24801"}
235;Авторадио Омск;{"title":"Авторадио Омск","id":"22525"}
236;Новое Радио онлайн;{"title":"Новое Радио онлайн","id":"18124"}
237;Авторадио Уфа;{"title":"Авторадио Уфа","id":"22524"}
238;Russkoye Radio, русское радио, русское;{"title":"Русское радио","id":"38683"}
239;Авторадио Красноярск;{"title":"Авторадио Красноярск","id":"22526"}
240;Радио Life Radio онлайн;{"title":"Радио Life Radio онлайн","id":"18121"}
241;Russkoye Radio Gold Gramaphone;{"title":"Russkoye Radio Gold Gramaphone","id":"24805"}
242;Авторадио Новосибирск;{"title":"Авторадио Новосибирск","id":"22521"}
243;Russkoye Radio Tambov;{"title":"Russkoye Radio Tambov","id":"24804"}
244;Радио Романтика Самара;{"title":"Радио Романтика Самара","id":"22520"}
245;Радио РУССКИЙ ХИТ онлайн;{"title":"Радио РУССКИЙ ХИТ онлайн","id":"18123"}
246;Russkoye Radio Veliky Novgorod;{"title":"Russkoye Radio Veliky Novgorod","id":"24807"}
247;Авторадио Калининград;{"title":"Авторадио Калининград","id":"22523"}
248;Радио Русские песни онлайн;{"title":"Радио Русские песни онлайн","id":"18122"}
249;Russkoye Radio Hiphop;{"title":"Russkoye Radio Hiphop","id":"24806"}
250;Авторадио Татарстан Казань;{"title":"Авторадио Татарстан Казань","id":"22522"}
251;радио Волна Череповец wave Cherepovets;{"title":"радио Волна Череповец wave Cherepovets","id":"22500"}
252;Радио Вера онлайн,вера;{"title":"Радио Вера онлайн","id":"18133"}
253;Радио Гараж ФМ онлайн;{"title":"Радио Гараж ФМ онлайн","id":"18134"}
254;Apex Radio Новокузнецк;{"title":"Apex Radio Новокузнецк","id":"24446"}
255;Радио газета Слово gazeta slovo;{"title":"Радио газета Слово gazeta slovo","id":"22502"}
256;Радио ГВД онлайн;{"title":"Радио ГВД онлайн","id":"18135"}
257;Радио Пилот Dance Pilot;{"title":"Радио Пилот Dance Pilot","id":"22503"}
258;Bells Most Wanted Radio;{"title":"Bells Most Wanted Radio","id":"24440"}
259;Радио Старое Музыка USSR Music Staroe;{"title":"Радио Старое Музыка USSR Music Staroe","id":"22496"}
260;Apex Radio Breeze Новокузнецк;{"title":"Apex Radio Breeze Новокузнецк","id":"24441"}
261;радио Солнечное Sunrise;{"title":"радио Солнечное Sunrise","id":"22497"}
262;Apex Radio Club Touch Новокузнецк;{"title":"Apex Radio Club Touch Новокузнецк","id":"24442"}
263;Chanson Romantic;{"title":"Chanson Romantic","id":"24830"}
264;Радио 13;{"title":"Радио 13","id":"22498"}
265;Record Club;{"title":"Record Club","id":"530"}
266;Радио Байкер ФМ онлайн;{"title":"Радио Байкер ФМ онлайн","id":"18131"}
267;Zaycev поп Pop Москва;{"title":"Zaycev поп Pop Москва","id":"24831"}
268;Радио Свое Svoe;{"title":"Радио Свое Svoe","id":"22499"}
269;Europa Plus R&B;{"title":"Europa Plus R&B","id":"13569"}
270;Радио Игра Жизни Happy GORDO;{"title":"Радио Игра Жизни Happy GORDO","id":"22508"}
271;Europa Plus Top 40;{"title":"Europa Plus Top 40","id":"13568"}
272;Europa Plus Fresh;{"title":"Europa Plus Fresh","id":"13571"}
273;Europa Plus PopRock;{"title":"Europa Plus PopRock","id":"13570"}
274;Radio_ijul_rossija FM MHZ;{"title":"Radio_ijul_rossija FM MHZ","id":"18143"}
275;Радио истинные цвета True Colors;{"title":"Радио истинные цвета True Colors","id":"22511"}
276;Радио Натали онлайн;{"title":"Радио Натали онлайн","id":"18136"}
277;Радио Пилот Екатеринбург Pilot Yekaterinburg;{"title":"Радио Пилот Екатеринбург Pilot Yekaterinburg","id":"22504"}
278;Europa Plus Dance;{"title":"Europa Plus Dance","id":"13572"}
279;Радио ЛОГОС Новосибирской митрополии;{"title":"Радио ЛОГОС Новосибирской митрополии","id":"22505"}
280;Радио Индиго онлайн;{"title":"Радио Индиго онлайн","id":"18138"}
281;Russian Dance Mocsow;{"title":"Russian Dance Mocsow","id":"18139"}
282;90 FM Радио Кафе Cafe;{"title":"90 FM Радио Кафе Cafe","id":"22507"}
283;Caprice Vocal Trance;{"title":"Caprice Vocal Trance","id":"24719"}
284;Radio Максимум ‘90;{"title":"Radio Максимум ‘90","id":"18082"}
285;Caprice Breakbeat;{"title":"Caprice Breakbeat","id":"24718"}
286;BerdRock;{"title":"BerdRock","id":"27737"}
287;Caprice Drum'n'Bass;{"title":"Caprice Drum'n'Bass","id":"24717"}
288;Caprice Ballroom Dance;{"title":"Caprice Ballroom Dance","id":"24716"}
289;Caprice Arabic Pop Music;{"title":"Caprice Arabic Pop Music","id":"24715"}
290;Caprice Russian Gypsy;{"title":"Caprice Russian Gypsy","id":"24714"}
291;Caprice Russian Poetry;{"title":"Caprice Russian Poetry","id":"24713"}
292;From Russia with rock;{"title":"From Russia with rock","id":"13689"}
293;Caprice Russian Rap;{"title":"Caprice Russian Rap","id":"24712"}
294;Caprice Russian Pop;{"title":"Caprice Russian Pop","id":"24711"}
295;Caprice Russian Club Dance;{"title":"Caprice Russian Club Dance","id":"24710"}
296;Radio Kids Fm;{"title":"Radio Kids Fm","id":"10384"}
297;Caprice Goa Trance;{"title":"Caprice Goa Trance","id":"24709"}
298;Caprice Neoclassical;{"title":"Caprice Neoclassical","id":"24708"}
299;Caprice Bossa Nova;{"title":"Caprice Bossa Nova","id":"24707"}
300;Caprice Classical;{"title":"Caprice Classical","id":"24706"}
301;Caprice Deep House;{"title":"Caprice Deep House","id":"24705"}
302;Caprice K Pop;{"title":"Caprice K Pop","id":"24704"}
303;STR FM;{"title":"STR FM","id":"27722"}
304;Caprice Ambient Dub;{"title":"Caprice Ambient Dub","id":"24734"}
305;Caprice Full On;{"title":"Caprice Full On","id":"24735"}
306;Radio Electro;{"title":"Radio Electro","id":"9309"}
307;Caprice Dream Trance/House;{"title":"Caprice Dream Trance/House","id":"24732"}
308;Caprice Bluegrass;{"title":"Caprice Bluegrass","id":"24733"}
309;Caprice euroDance;{"title":"Caprice euroDance","id":"24730"}
310;Caprice Swing;{"title":"Caprice Swing","id":"24731"}
311;Caprice House;{"title":"Caprice House","id":"24728"}
312;Caprice Soul/Neo Soul;{"title":"Caprice Soul/Neo Soul","id":"24729"}
313;Grad Petrov;{"title":"Grad Petrov","id":"18106"}
314;Радио Зайцев.FM Альтернативная музыка онлайн;{"title":"Радио Зайцев.FM Альтернативная музыка онлайн","id":"18107"}
315;Наше радио;{"title":"Наше радио","id":"21447"}
316;Caprice Disco;{"title":"Caprice Disco","id":"24727"}
317;PureSound.fm;{"title":"PureSound.fm","id":"18105"}
318;Caprice Dark Ambient;{"title":"Caprice Dark Ambient","id":"24725"}
319;Caprice Grunge;{"title":"Caprice Grunge","id":"24722"}
320;Радио Музыка Барокко онлайн,Барокко;{"title":"Радио Музыка Барокко онлайн","id":"18111"}
321;Caprice Dub;{"title":"Caprice Dub","id":"24723"}
322;Радио Swiss Jazz онлайн;{"title":"Радио Swiss Jazz онлайн","id":"18108"}
323;Caprice Traditional Electronic;{"title":"Caprice Traditional Electronic","id":"24720"}
324;Радио Польская станция Джаз онлайн;{"title":"Радио Польская станция Джаз онлайн","id":"18109"}
325;Caprice R'n'B;{"title":"Caprice R'n'B","id":"24721"}
326;Caprice Oldies;{"title":"Caprice Oldies","id":"24749"}
327;Caprice Post Bop;{"title":"Caprice Post Bop","id":"24748"}
328;Caprice Dance Pop;{"title":"Caprice Dance Pop","id":"24751"}
329;Caprice Country;{"title":"Caprice Country","id":"24750"}
330;Caprice Russian Folk;{"title":"Caprice Russian Folk","id":"24745"}
331;Caprice Russian Bards;{"title":"Caprice Russian Bards","id":"24744"}
332;Caprice Rap;{"title":"Caprice Rap","id":"24747"}
333;Caprice Russian Rock;{"title":"Caprice Russian Rock","id":"24746"}
334;Caprice Psybient;{"title":"Caprice Psybient","id":"24741"}
335;Radio Melodia Retro Kanal;{"title":"Radio Melodia Retro Kanal","id":"18056"}
336;Caprice Rock & Roll;{"title":"Caprice Rock & Roll","id":"24743"}
337;Caprice Reggae;{"title":"Caprice Reggae","id":"24742"}
338;Caprice Pop Rock;{"title":"Caprice Pop Rock","id":"24737"}
339;Caprice Pop Punk;{"title":"Caprice Pop Punk","id":"24736"}
340;Radio ExciteBit;{"title":"Radio ExciteBit","id":"12574"}
341;Caprice Progressive Trance;{"title":"Caprice Progressive Trance","id":"24739"}
342;Радио Шоколад;{"title":"Радио Шоколад","id":"21487"}
343;Luxe FM;{"title":"Luxe FM","id":"23415"}
344;Радио Классик;{"title":"Радио Классик","id":"21480"}
345;Caprice Romantic music collection;{"title":"Caprice Romantic music collection","id":"24761"}
346;Радио 107;{"title":"Радио 107","id":"21482"}
347;Caprice French Chanson;{"title":"Caprice French Chanson","id":"24756"}
348;Caprice Hip Hop;{"title":"Caprice Hip Hop","id":"24757"}
349;Caprice Brit pop;{"title":"Caprice Brit pop","id":"24758"}
350;Caprice Lo Fi;{"title":"Caprice Lo Fi","id":"24752"}
351;Caprice Dark Electro;{"title":"Caprice Dark Electro","id":"24753"}
352;Caprice Trance;{"title":"Caprice Trance","id":"24754"}
353;Heart FM;{"title":"Heart FM","id":"12558"}
354;Caprice Piano;{"title":"Caprice Piano","id":"24755"}
355;Caprice Country Rock;{"title":"Caprice Country Rock","id":"24642"}
356;Caprice Dark Psy Trance;{"title":"Caprice Dark Psy Trance","id":"24643"}
357;Caprice Club;{"title":"Caprice Club","id":"24640"}
358;Caprice Contemporary jazz;{"title":"Caprice Contemporary jazz","id":"24641"}
359;Caprice euro House;{"title":"Caprice euro House","id":"24646"}
360;Noise FM;{"title":"Noise FM","id":"11294"}
361;Caprice Jazz Rock;{"title":"Caprice Jazz Rock","id":"24647"}
362;East Russia;{"title":"East Russia","id":"10321"}
363;Caprice Dark Folk;{"title":"Caprice Dark Folk","id":"24644"}
364;Caprice electro;{"title":"Caprice electro","id":"24645"}
365;Радио л;{"title":"Радио л","id":"21274"}
366;Caprice Chiptune;{"title":"Caprice Chiptune","id":"24650"}
367;Радио мегаMega;{"title":"Радио мегаMega","id":"21275"}
368;Caprice Garage Rock;{"title":"Caprice Garage Rock","id":"24651"}
369;Радиола Екатеринбург;{"title":"Радиола Екатеринбург","id":"21272"}
370;Caprice Fusion;{"title":"Caprice Fusion","id":"24648"}
371;NN Radio;{"title":"NN Radio","id":"21273"}
372;Caprice Italo Disco;{"title":"Caprice Italo Disco","id":"24649"}
373;Sochi Lounge;{"title":"Sochi Lounge","id":"11287"}
374;радио DFM, ди эф м, радио дфм;{"title":"радио DFM","id":"21278"}
375;Caprice J Rock;{"title":"Caprice J Rock","id":"24654"}
376;Radio DFM Спокойной ночи голыши;{"title":"Radio DFM Спокойной ночи голыши","id":"21279"}
377;Caprice Funk;{"title":"Caprice Funk","id":"24652"}
378;EuropaRussia;{"title":"EuropaRussia","id":"27800"}
379;Rock Breakthrough;{"title":"Rock Breakthrough","id":"13730"}
380;Caprice Up Lifting Trance;{"title":"Caprice Up Lifting Trance","id":"24659"}
381;.ru GCWCC;{"title":".ru GCWCC","id":"22351"}
382;Caprice Postgrunge;{"title":"Caprice Postgrunge","id":"24658"}
383;Caprice Neo Classical;{"title":"Caprice Neo Classical","id":"24662"}
384;Caprice Liquid Funk;{"title":"Caprice Liquid Funk","id":"24661"}
385;Caprice Psy Trance;{"title":"Caprice Psy Trance","id":"24660"}
386;AM Голос России Международные;{"title":"AM Голос России Международные","id":"21259"}
387;Caprice Classical Piano;{"title":"Caprice Classical Piano","id":"24665"}
388;Caprice Organ;{"title":"Caprice Organ","id":"24670"}
389;Business FM Saint Petersburg;{"title":"Business FM Saint Petersburg","id":"27786"}
390;Caprice Classical Crossover;{"title":"Caprice Classical Crossover","id":"24669"}
391;Business FM;{"title":"Business FM","id":"27785"}
392;Caprice Mass /Chorus/ Cantata;{"title":"Caprice Mass /Chorus/ Cantata","id":"24672"}
393;Японское радио;{"title":"Японское радио","id":"22396"}
394;Russian Trance Radio Discover Trance Radio World Wide;{"title":"Russian Trance Radio Discover Trance Radio World Wide","id":"24550"}
395;Nrj Russia, энерджи, NRJ,Energy;{"title":"Nrj Russia","id":"654"}
396;Russian Trance Radio Amsterdam Trance Radio;{"title":"Russian Trance Radio Amsterdam Trance Radio","id":"24551"}
397;Caprice Symphony;{"title":"Caprice Symphony","id":"24675"}
398;Caprice Modern Classical;{"title":"Caprice Modern Classical","id":"24676"}
399;Caprice Roots Reggae;{"title":"Caprice Roots Reggae","id":"24677"}
400;Caprice Ska;{"title":"Caprice Ska","id":"24678"}
401;Caprice Space Music;{"title":"Caprice Space Music","id":"24679"}
402;Radio Kareliya;{"title":"Radio Kareliya","id":"32131"}
403;govoritmoskva;{"title":"govoritmoskva","id":"12757"}
404;Russian Trance Radio Trance FM #CH3 / DJ Channel;{"title":"Russian Trance Radio Trance FM #CH3 / DJ Channel","id":"24556"}
405;Russian Trance Radio Trance FM #CH4 / DJ Channel;{"title":"Russian Trance Radio Trance FM #CH4 / DJ Channel","id":"24557"}
406;Caprice Progressive House;{"title":"Caprice Progressive House","id":"24681"}
407;Russian Trance Radio Trance FM #CH5 / DJ Channel;{"title":"Russian Trance Radio Trance FM #CH5 / DJ Channel","id":"24558"}
408;Caprice Nu Disco;{"title":"Caprice Nu Disco","id":"24682"}
409;Russian Trance Radio Trance FM #CH1 / DJ Channel;{"title":"Russian Trance Radio Trance FM #CH1 / DJ Channel","id":"24559"}
410;Caprice Nu Jazz;{"title":"Caprice Nu Jazz","id":"24683"}
411;101.ru Восток FM;{"title":"101.ru Восток FM","id":"21308"}
412;101.ru Радио ВЕРА;{"title":"101.ru Радио ВЕРА","id":"21309"}
413;Russian Trance Radio Leading Trance Radio;{"title":"Russian Trance Radio Leading Trance Radio","id":"24553"}
414;Russian Trance Radio Trancemission.FM;{"title":"Russian Trance Radio Trancemission.FM","id":"24554"}
415;Russian Trance Radio PulsRadio Version Trance;{"title":"Russian Trance Radio PulsRadio Version Trance","id":"24555"}
416;Радио Пионер Москва;{"title":"Радио Пионер Москва","id":"21280"}
417;Radio Groove Cafe;{"title":"Radio Groove Cafe","id":"9396"}
418;Caprice Min Tech House;{"title":"Caprice Min Tech House","id":"24695"}
419;Caprice Electro House;{"title":"Caprice Electro House","id":"24694"}
420;Caprice Soulful House;{"title":"Caprice Soulful House","id":"24697"}
421;Caprice New wave;{"title":"Caprice New wave","id":"24696"}
422;Energiya Zhizni Energy of Life;{"title":"Energiya Zhizni Energy of Life","id":"13706"}
423;Caprice Shoegazing;{"title":"Caprice Shoegazing","id":"24699"}
424;Caprice Rock;{"title":"Caprice Rock","id":"24701"}
425;Caprice Rock Ballads;{"title":"Caprice Rock Ballads","id":"24700"}
426;Radio Obelisk Moscow;{"title":"Radio Obelisk Moscow","id":"18003"}
427;Caprice Krautrock;{"title":"Caprice Krautrock","id":"24703"}
428;Caprice Psychedelic Rock;{"title":"Caprice Psychedelic Rock","id":"24702"}
429;Radiometro1024fmspbrussia;{"title":"Radiometro1024fmspbrussia","id":"6979"}
430;2capitales Radio First Russian Station From Paris Only Best Music;{"title":"2capitales Radio First Russian Station From Paris Only Best Music","id":"8331"}
431;Volnafm Talica;{"title":"Volnafm Talica","id":"24450"}
432;Радио Губерния;{"title":"Радио Губерния","id":"21332"}
433;Volnafm Ekaterinburg;{"title":"Volnafm Ekaterinburg","id":"24448"}
434;Radio SOMA;{"title":"Radio SOMA","id":"21333"}
435;Volnafm Polevskoi;{"title":"Volnafm Polevskoi","id":"24449"}
436;Real Music.ru;{"title":"Real Music.ru","id":"22297"}
437;Радиола Саратов;{"title":"Радиола Саратов","id":"21330"}
438;Km Radio.ru;{"title":"Km Radio.ru","id":"22302"}
439;Radio Gold;{"title":"Radio Gold","id":"21331"}
440;Netsputnik.ru;{"title":"Netsputnik.ru","id":"22303"}
441;Rock Arsenal;{"title":"Rock Arsenal","id":"21328"}
442;1958_soligorsk.ru CCCP USSR;{"title":"1958_soligorsk.ru CCCP USSR","id":"22300"}
443;Радио Ростова;{"title":"Радио Ростова","id":"21329"}
444;GTA Life Radio FM;{"title":"GTA Life Radio FM","id":"22301"}
445;Digital Husky;{"title":"Digital Husky","id":"13823"}
446;Suffer_Radio;{"title":"Suffer_Radio","id":"22290"}
447;Akafist.ru;{"title":"Akafist.ru","id":"22291"}
448;Pop.ru;{"title":"Pop.ru","id":"22289"}
449;EmeraldRadio;{"title":"EmeraldRadio","id":"22294"}
450;Muzyikalnyiy Bespredel.ru;{"title":"Muzyikalnyiy Bespredel.ru","id":"22295"}
451;hft.ru;{"title":"hft.ru","id":"22292"}
452;Voronej_FM;{"title":"Voronej_FM","id":"22293"}
453;радио европа плюс;{"title":"Европа Плюс","id":"38706"}
454;POWER_FM_DIAMOND_RADIO;{"title":"POWER_FM_DIAMOND_RADIO","id":"22283"}
455;радио Чеченский хит;{"title":"радио Чеченский хит","id":"23519"}
456;Радио VBC Владивосток;{"title":"Радио VBC Владивосток","id":"21318"}
457;радио ИР;{"title":"радио ИР","id":"23518"}
458;Радио БолидПермь;{"title":"Радио БолидПермь","id":"21317"}
459;Дорожное радио;{"title":"Дорожное радио","id":"21316"}
460;Radio Bar.ru;{"title":"Radio Bar.ru","id":"22280"}
461;Радио Армянское;{"title":"Радио Армянское","id":"23516"}
462;Радио Нашид;{"title":"Радио Нашид","id":"23515"}
463;Radio3 Sputnik Bashkortostan;{"title":"Radio3 Sputnik Bashkortostan","id":"21314"}
464;7kremin.ru;{"title":"7kremin.ru","id":"22286"}
465;Радио Ногайское;{"title":"Радио Ногайское","id":"23514"}
466;Liferadio.ru;{"title":"Liferadio.ru","id":"22285"}
467;Рэп и RNB Кавказа;{"title":"Рэп и RNB Кавказа","id":"23513"}
468;НАШЕ радио Петрозаводск;{"title":"НАШЕ радио Петрозаводск","id":"21312"}
469;JUICE.ru;{"title":"JUICE.ru","id":"22284"}
470;Радио Спутник;{"title":"Радио Спутник","id":"21327"}
471;OBK Radio.ru;{"title":"OBK Radio.ru","id":"22275"}
472;Radio Sotvorets.ru;{"title":"Radio Sotvorets.ru","id":"22274"}
473;Рязань Ok Ryazan;{"title":"Рязань Ok Ryazan","id":"21324"}
474;Russkiy Mir Radio;{"title":"Russkiy Mir Radio","id":"22272"}
475;Радио Рекорд, рекорд;{"title":"Радио Рекорд","id":"21323"}
476;TBOE_radio, твоё;{"title":"TBOE_radio","id":"22279"}
477;Made in Ural.ru;{"title":"Made in Ural.ru","id":"22278"}
478;Радио Монте карло,Radio Monte Carlo,Монте карло,монте-карло;{"title":"Радио Монте карло","id":"38757"}
479;Радио Максимум,Максимум;{"title":"Радио Максимум","id":"21320"}
480;Авторадио Екатеринбург;{"title":"Авторадио Екатеринбург","id":"21366"}
481;Radio Newtonefm;{"title":"Radio Newtonefm","id":"21362"}
482;101.ru Радио Ингушское;{"title":"101.ru Радио Ингушское","id":"23524"}
483;Лав Радио, love radio;{"title":"Лав Радио","id":"22320"}
484;Такси ФМ;{"title":"Такси ФМ","id":"21373"}
485;101.ru Радио Лакское,Лакское;{"title":"101.ru Радио Лакское","id":"23525"}
486;101.ru Кот FM,Кот FM;{"title":"101.ru Кот FM","id":"23526"}
487;Радио для двоих Saint Petersburg,для двоих;{"title":"Радио для двоих Saint Petersburg","id":"22322"}
488;RadioSoul;{"title":"RadioSoul","id":"13790"}
489;Radio Maximum,Maximum;{"title":"Radio Maximum","id":"21375"}
490;101.ru Радио Даргинское;{"title":"101.ru Радио Даргинское","id":"23520"}
491;Радио Романтика,Романтика;{"title":"Радио Романтика","id":"21369"}
492;Bim Radio;{"title":"Bim Radio","id":"21370"}
493;Enjoy Radio;{"title":"Enjoy Radio","id":"34704"}
494;101.ru радио Кавказская любовь;{"title":"101.ru радио Кавказская любовь","id":"23522"}
495;Радио Romantika Екатеринбург;{"title":"Радио Romantika Екатеринбург","id":"21371"}
496;101.ru радио Лезгинское;{"title":"101.ru радио Лезгинское","id":"23523"}
497;Caprice Gangsta rap;{"title":"Caprice Gangsta rap","id":"24629"}
498;TORT.FM;{"title":"TORT.FM","id":"34703"}
499;Caprice Glam rock;{"title":"Caprice Glam rock","id":"24628"}
500;Brend Radio;{"title":"Brend Radio","id":"8378"}
501;Caprice Symphonic;{"title":"Caprice Symphonic","id":"24631"}
502;Caprice Abstract Hip Hop;{"title":"Caprice Abstract Hip Hop","id":"24630"}
503;Caprice Russian Folk Rock;{"title":"Caprice Russian Folk Rock","id":"24627"}
504;Радио 42fm.ru;{"title":"Радио 42fm.ru","id":"22319"}
505;San FM DnB;{"title":"San FM DnB","id":"22318"}
506;101.ru Интерра ФМ;{"title":"101.ru Интерра ФМ","id":"23541"}
507;Caprice Avant garde jazz;{"title":"Caprice Avant garde jazz","id":"24637"}
508;Radio_Stream;{"title":"Radio_Stream","id":"22305"}
509;Caprice Britpop;{"title":"Caprice Britpop","id":"24636"}
510;101.ru Курс;{"title":"101.ru Курс","id":"23540"}
511;Altanta pw.ru;{"title":"Altanta pw.ru","id":"22304"}
512;101.ru Радио «Золотой Век»;{"title":"101.ru Радио «Золотой Век»","id":"23543"}
513;Caprice Alt Country;{"title":"Caprice Alt Country","id":"24639"}
514;CoCaINe.ru;{"title":"CoCaINe.ru","id":"22307"}
515;Caprice Ambient;{"title":"Caprice Ambient","id":"24638"}
516;Caprice Pop;{"title":"Caprice Pop","id":"24633"}
517;Radio Energija Zhizni;{"title":"Radio Energija Zhizni","id":"22309"}
518;Anima Amoris Trance Channel;{"title":"Anima Amoris Trance Channel","id":"10285"}
519;Caprice Classic Rock;{"title":"Caprice Classic Rock","id":"24632"}
520;Rustams21;{"title":"Rustams21","id":"22308"}
521;Caprice Dixieland;{"title":"Caprice Dixieland","id":"24635"}
522;RVRS_RamblyVoice Radio Station;{"title":"RVRS_RamblyVoice Radio Station","id":"22311"}
523;Caprice Folk Rock;{"title":"Caprice Folk Rock","id":"24634"}
524;UnderMusic.ru;{"title":"UnderMusic.ru","id":"22310"}
525;Radio Maximum Sideline;{"title":"Radio Maximum Sideline","id":"22212"}
526;Radio Maximum DM;{"title":"Radio Maximum DM","id":"22213"}
527;Radio Record;{"title":"Radio Record","id":"26945"}
528;Radio Electro;{"title":"Radio Electro","id":"9502"}
529;Радио Рок онлайн,Рок онлайн;{"title":"Радио Рок онлайн","id":"26951"}
530;Радио ULTRA,ULTRA;{"title":"Радио ULTRA","id":"26952"}
531;Radio Plasma,Plasma;{"title":"Radio Plasma","id":"26953"}
532;aristocrats.fm amusic;{"title":"aristocrats.fm amusic","id":"26954"}
533;Sad broadcast;{"title":"Sad broadcast","id":"22229"}
534;Приморское радио Владивосток;{"title":"Приморское радио Владивосток","id":"29877"}
535;Radio Fitness;{"title":"Radio Fitness","id":"22228"}
536;Nejnoe Radio;{"title":"Nejnoe Radio","id":"22231"}
537;Trombax FM;{"title":"Trombax FM","id":"12407"}
538;Dsr Club.ru;{"title":"Dsr Club.ru","id":"22225"}
539;Shtabra.ru;{"title":"Shtabra.ru","id":"22224"}
540;Radio 3DO.ru;{"title":"Radio 3DO.ru","id":"22227"}
541;FRMX;{"title":"FRMX","id":"10715"}
542;Sofia;{"title":"Sofia","id":"22237"}
543;Minecraft Biathlon Number One FM;{"title":"Minecraft Biathlon Number One FM","id":"22236"}
544;Fresh_FM;{"title":"Fresh_FM","id":"22239"}
545;San FM Pop;{"title":"San FM Pop","id":"22238"}
546;Stock Second City;{"title":"Stock Second City","id":"22234"}
547;Radio Input.ru Online;{"title":"Radio Input.ru Online","id":"22246"}
548;Active Radio.ru;{"title":"Active Radio.ru","id":"22247"}
549;ARTFM.ru;{"title":"ARTFM.ru","id":"22245"}
550;Radio Deepin;{"title":"Radio Deepin","id":"22242"}
551;If Promo.ru Deep House;{"title":"If Promo.ru Deep House","id":"22243"}
552;Animelayer.ru;{"title":"Animelayer.ru","id":"22240"}
553;Djlar.ru;{"title":"Djlar.ru","id":"22241"}
554;Rapturefm.ru;{"title":"Rapturefm.ru","id":"22255"}
555;Moonlight.ru;{"title":"Moonlight.ru","id":"22252"}
556;Abstrait.ru;{"title":"Abstrait.ru","id":"22249"}
557;Shiza.ru;{"title":"Shiza.ru","id":"22263"}
558;Black Star Radio;{"title":"Black Star Radio","id":"22260"}
559;Limassol Church;{"title":"Limassol Church","id":"22259"}
560;Fambo_FM;{"title":"Fambo_FM","id":"22257"}
561;Redress.ru;{"title":"Redress.ru","id":"22256"}
562;Favorite Radio.ru;{"title":"Favorite Radio.ru","id":"22271"}
563;Radio Nestrandart;{"title":"Radio Nestrandart","id":"22269"}
564;Electra;{"title":"Electra","id":"12379"}
565;DJ_T RP.ru;{"title":"DJ_T RP.ru","id":"22266"}
566;Radio Mantra.ru;{"title":"Radio Mantra.ru","id":"22265"}
567;emotionsplash Drum'n'Bass;{"title":"emotionsplash Drum'n'Bass","id":"26884"}
568;emotionsplash House;{"title":"emotionsplash House","id":"26885"}
569;emotionsplash Psychedelic;{"title":"emotionsplash Psychedelic","id":"26886"}
570;Radio Bereg;{"title":"Radio Bereg","id":"26881"}
571;Deep Mix Moscow Radio;{"title":"Deep Mix Moscow Radio","id":"26883"}
572;Lounge Beats;{"title":"Lounge Beats","id":"11720"}
573;Folkradio.ru Folkradio.ru;{"title":"Folkradio.ru Folkradio.ru","id":"10631"}
574;Radio Monte Carlo France;{"title":"Radio Monte Carlo France","id":"26900"}
575;Radio LandFM,LandFM;{"title":"Radio LandFM","id":"26897"}
576;Radio Monte Carlo Золотая коллекция;{"title":"Radio Monte Carlo Золотая коллекция","id":"26899"}
577;Radio Monte Carlo Песни о любви Esniolubvi;{"title":"Radio Monte Carlo Песни о любви Esniolubvi","id":"26898"}
578;Радио Юнитон Sibiria;{"title":"Радио Юнитон Sibiria","id":"22171"}
579;InSTYLE;{"title":"InSTYLE","id":"13425"}
580;Luga Radio;{"title":"Luga Radio","id":"11749"}
581;Radionm Rock;{"title":"Radionm Rock","id":"22186"}
582;Radionm Pop;{"title":"Radionm Pop","id":"22187"}
583;Radio Litradio,Litradio;{"title":"Radio Litradio","id":"22185"}
584;Вести FM Saint Petersburg;{"title":"Вести FM Saint Petersburg","id":"22188"}
585;Night Radio;{"title":"Night Radio","id":"10680"}
586;Bol'shoe Radio Murmansk;{"title":"Bol'shoe Radio Murmansk","id":"36495"}
587;Radio Cafe,Cafe,кафе;{"title":"Radio Cafe","id":"22196"}
588;Radio premium.ru Pycckuй Toп;{"title":"Radio premium.ru Pycckuй Toп","id":"26943"}
589;Radio premium.ru Dance music for You;{"title":"Radio premium.ru Dance music for You","id":"26942"}
590;Радио Музком,Музком;{"title":"Радио Музком","id":"22092"}
591;Юмор ФМ Екатеринбург,юмор ФМ;{"title":"Юмор ФМ Екатеринбург","id":"27085"}
592;Рок ФМ;{"title":"Рок ФМ","id":"27098"}
593;Rock Radio;{"title":"Rock Radio","id":"22100"}
594;Bells 161fm;{"title":"Bells 161fm","id":"22102"}
595;Bells Revolution;{"title":"Bells Revolution","id":"22103"}
596;Радио Победы;{"title":"Радио Победы","id":"22098"}
597;Радио ЧипльДук,ЧипльДук;{"title":"Радио ЧипльДук","id":"12493"}
598;Radio Radio;{"title":"Radio Radio","id":"12486"}
599;Last Wave;{"title":"Last Wave","id":"18260"}
600;Radio Silver Rain,Silver Rain,серебряный дождь;{"title":"Radio Silver Rain","id":"1991"}
601;Radio Uniton,Uniton;{"title":"Radio Uniton","id":"1994"}
602;Radio Transmit,Transmit;{"title":"Radio Transmit","id":"1993"}
603;Business FM Ufa;{"title":"Business FM Ufa","id":"35451"}
604;101.ru DFM Moscow;{"title":"101.ru DFM Moscow","id":"24208"}
605;Business FM,бизнес фм;{"title":"Business FM","id":"35450"}
606;Radio Metro,Metro,метро;{"title":"Radio Metro","id":"1974"}
607;Radio election,election;{"title":"Radio election","id":"22026"}
608;Дорожное радио Калининград;{"title":"Дорожное радио Калининград","id":"23257"}
609;Retro FM 90s;{"title":"Retro FM 90s","id":"24212"}
610;Радио Тольятти,Тольятти;{"title":"Радио Тольятти","id":"23256"}
611;Radio Intervolna,Intervolna;{"title":"Radio Intervolna","id":"1970"}
612;Xn 80 Радио АДРЕНАЛИН;{"title":"Xn 80 Радио АДРЕНАЛИН","id":"23253"}
613;DanceGroove Radio;{"title":"DanceGroove Radio","id":"18224"}
614;Альфа Радио Пермь;{"title":"Альфа Радио Пермь","id":"23252"}
615;16bit.fm Club Channel;{"title":"16bit.fm Club Channel","id":"22019"}
616;Радио Спутник Екатеринбург;{"title":"Радио Спутник Екатеринбург","id":"23255"}
617;Радио Красноярск,Красноярск;{"title":"Радио Красноярск","id":"23254"}
618;16bit.fm Back to Mine Channel;{"title":"16bit.fm Back to Mine Channel","id":"22021"}
619;16bit.fm Main Channel;{"title":"16bit.fm Main Channel","id":"22020"}
620;Радио СК Екатеринбург;{"title":"Радио СК Екатеринбург","id":"23251"}
621;16bit.fm I.D.E.A. Channel;{"title":"16bit.fm I.D.E.A. Channel","id":"22022"}
622;Dinamit Nizhniy Novgorod Nizhniy Novgorod,динамит;{"title":"Динамит Нижний Новгород","id":"35444"}
623;Народная Волна Online;{"title":"Народная Волна Online","id":"18218"}
624;New Life Radio;{"title":"New Life Radio","id":"1958"}
625;Интер Радио Jazz Online;{"title":"Интер Радио Jazz Online","id":"18219"}
626;Chanson Uncensored;{"title":"Chanson Uncensored","id":"24832"}
627;Caprice Jazz;{"title":"Caprice Jazz","id":"24833"}
628;Caprice Misc;{"title":"Caprice Misc","id":"24834"}
629;101.ru Russian Radio Astrakhan;{"title":"101.ru Russian Radio Astrakhan","id":"24202"}
630;Power Hit Radio;{"title":"Power Hit Radio","id":"1961"}
631;Radio Bit,Бит;{"title":"Radio Bit","id":"1963"}
632;101.ru echo moscow;{"title":"101.ru echo moscow","id":"24206"}
633;101.ru Retro Kanevskaya;{"title":"101.ru Retro Kanevskaya","id":"24207"}
634;Radio Onegaborg,Onegaborg;{"title":"Radio Onegaborg","id":"17238"}
635;Brend Radio;{"title":"Brend Radio","id":"24240"}
636;RMC Long Music;{"title":"RMC Long Music","id":"23292"}
637;Now Radio;{"title":"Now Radio","id":"24244"}
638;Наше Радио Nashe Radio;{"title":"Наше Радио Nashe Radio","id":"24251"}
639;Радио АРСЕНАЛ,Arsenal;{"title":"Радио АРСЕНАЛ","id":"27044"}
640;TeleportStation;{"title":"TeleportStation","id":"23280"}
641;EuroDance Radio;{"title":"EuroDance Radio","id":"12434"}
642;Radio Gardarica Gardarika Russia spetersburg,Gardarica,Гардарика;{"title":"Radio Gardarica Gardarika Russiaspetersburg","id":"8609"}
643;Dacha, Дача;{"title":"Дача","id":"24238"}
644;Taxi,Такси;{"title":"Taxi","id":"24239"}
645;Детское радио,детское,детская,для детей,для маленьких,для самых маленьких;{"title":"Детское радио","id":"38440"}
646;Детские песни,детскими песнями,песенки для детей,песни для детей,детские песенки;{"title":"Детские Песни","id":"38693"}
647;Радио Хит ФМ,хит фм,хит;{"title":"Радио Хит ФМ","id":"38798"}
648;Радио Шансон,шансон;{"title":"Радио Шансон","id":"38690"}