1;ABRD,АбрауДюрсо,Абрау-Дюрсо,Абрау Дюрсо,;{"symbol":"ABRD","name":"ПАО 'Абрау – Дюрсо'","marketCap":"18 620 034 960,00"}
2;AFKS,Система;{"symbol":"AFKS","name":"ПАО АФК 'Система'","marketCap":"117 102 750 000,00"}
3;AFLT,Аэрофлот,российские авиалинии;{"symbol":"AFLT","name":"ПАО 'Аэрофлот-российские авиалинии'","marketCap":"215 459 562 006,00"}
4;AKRN,Акрон;{"symbol":"AKRN","name":"ПАО 'Акрон'","marketCap":"126 425 546 000,00"}
5;ALBK,БестЭфБ,Бест Эффортс;{"symbol":"ALBK","name":"ПАО 'Бест Эффортс Банк'","marketCap":""}
6;ALNU,АЛРОСА-Нюр,АЛРОСА Нюрба;{"symbol":"ALNU","name":"ПАО 'АЛРОСА-Нюрба'","marketCap":"100 400 000 000,00"}
7;ALRS,АЛРОСА;{"symbol":"ALRS","name":"АК 'АЛРОСА' (ПАО)","marketCap":"641 635 805 685,60"}
8;AMEZ,АшинскийМЗ,Ашинский метзавод;{"symbol":"AMEZ","name":"ПАО 'Ашинский метзавод'","marketCap":"2 267 969 440,10"}
9;APTK,Аптеки36и6,Аптечная сеть 36;{"symbol":"APTK","name":"ПАО 'Аптечная сеть 36,6'","marketCap":"21 115 664 048,76"}
10;AQUA,РусАква,Русская Аквакультура;{"symbol":"AQUA","name":"ПАО 'Русская Аквакультура'","marketCap":"12 177 214 368,10"}
11;ARMD,Армада;{"symbol":"ARMD","name":"ПАО 'АРМАДА'","marketCap":"175 679 963,40"}
12;ARSA,Арсагера;{"symbol":"ARSA","name":"ПАО 'УК 'Арсагера'","marketCap":"382 595 039,85"}
13;ASSB,АстрЭнСб,Астраханская энергосбытовая;{"symbol":"ASSB","name":"ПАО 'Астраханская энергосбытовая компания'","marketCap":"366 828 636,97"}
14;AVAN,Авангрд;{"symbol":"AVAN","name":"ПАО АКБ 'АВАНГАРД'","marketCap":""}
15;AVAZ,АВТОВАЗ;{"symbol":"AVAZ","name":"ПАО 'АВТОВАЗ'","marketCap":"43 913 719 616,22"}
16;BANE,Башнефть,Баш нефть;{"symbol":"BANE","name":"ПАО АНК 'Башнефть'","marketCap":"366 363 599 742,00"}
17;BISV,БашИнСв,Башинформсвязь,Баш информ связь;{"symbol":"BISV","name":"ПАО 'Башинформсвязь'","marketCap":""}
18;BLNG,Белон;{"symbol":"BLNG","name":"ОАО 'Белон'","marketCap":"2 863 500 000,00"}
19;BRZL,БурЗолото,Бур Золото,Бурятзолото,Бурят золото;{"symbol":"BRZL","name":"ПАО 'Бурятзолото'","marketCap":"7 273 224 450,00"}
20;BSPB,БСП,Банк Санкт-Петербург;{"symbol":"BSPB","name":"ПАО 'Банк 'Санкт-Петербург'","marketCap":"24 702 934 800,00"}
21;CBOM,МКБ,МОСКОВСКИЙ КРЕДИТНЫЙ БАНК;{"symbol":"CBOM","name":"ПАО 'МОСКОВСКИЙ КРЕДИТНЫЙ БАНК'","marketCap":"107 601 972 656,20"}
22;CHEP,ЧТПЗ;{"symbol":"CHEP","name":"ПАО 'ЧТПЗ'","marketCap":"52 670 691 120,00"}
23;CHGZ,РН-ЗапСиб,ЗапСиб,Западная Сибирь;{"symbol":"CHGZ","name":"ПАО 'РН-Западная Сибирь'","marketCap":"936 999 700,00"}
24;CHKZ,ЧКПЗ;{"symbol":"CHKZ","name":"ПАО 'ЧКПЗ'","marketCap":""}
25;CHMF,СевСт,Северсталь,Север сталь;{"symbol":"CHMF","name":"ПАО 'Северсталь'","marketCap":"646 048 630 592,00"}
26;CHMK,ЧМК;{"symbol":"CHMK","name":"ПАО 'ЧМК'","marketCap":"11 888 988 400,00"}
27;CHZN,ЧЦЗ;{"symbol":"CHZN","name":"ПАО 'ЧЦЗ'","marketCap":"27 531 268 280,00"}
28;CLSB,ЧелябЭС,Челябэнергосбыт,Челяб энергосбыт;{"symbol":"CLSB","name":"ПАО 'Челябэнергосбыт'","marketCap":"1 085 949 045,25"}
29;CNTL,Телеграф,Центральный Телеграф;{"symbol":"CNTL","name":"ПАО 'Центральный Телеграф'","marketCap":"2 974 389 300,00"}
30;DASB,ДагСб,Дагестанская энергосбытовая;{"symbol":"DASB","name":"ПАО 'Дагестанская энергосбытовая компания'","marketCap":"1 159 205 403,84"}
31;DGBZ,Дорогбж,Дорогобуж;{"symbol":"DGBZ","name":"ПАО 'Дорогобуж'","marketCap":"31 515 813 360,00"}
32;DIOD,iЗаводДИОД,ДИОД;{"symbol":"DIOD","name":"ПАО 'ДИОД'","marketCap":"363 255 000,00"}
33;DIXY,ДИКСИ,ДИКСИ Групп;{"symbol":"DIXY","name":"ПАО 'ДИКСИ Групп'","marketCap":"26 933 525 000,00"}
34;DSKY,ДетскийМир,Детский мир;{"symbol":"DSKY","name":"ПАО 'Детский мир'","marketCap":"69 037 380 000,00"}
35;DVEC,ДЭК;{"symbol":"DVEC","name":"ПАО 'ДЭК'","marketCap":"7 612 613 649,37"}
36;DZRD,iДонскЗР,ДЗРД;{"symbol":"DZRD","name":"ОАО 'ДЗРД'","marketCap":"546 017 130,00"}
37;ELTZ,Электрцинк,Электроцинк;{"symbol":"ELTZ","name":"ОАО 'Электроцинк'","marketCap":"1 020 931 916,00"}
38;ENRU,ЭнелРос,Энел Россия;{"symbol":"ENRU","name":"ПАО 'Энел Россия'","marketCap":"40 253 220 345,06"}
39;EPLN,Европлан;{"symbol":"EPLN","name":"ПАО 'Европлан'","marketCap":"87 189 114 771,00"}
40;ERCO,ЭРКО;{"symbol":"ERCO","name":"ОАО 'ЭРКО'","marketCap":""}
41;FEES,ФСК ЕЭС;{"symbol":"FEES","name":"ПАО 'ФСК ЕЭС'","marketCap":"218 286 436 574,54"}
42;FESH,ДВМП;{"symbol":"FESH","name":"ПАО 'ДВМП'","marketCap":"11 303 287 500,00"}
43;FTRE,БУДУЩЕЕ;{"symbol":"FTRE","name":"ПАО 'ФГ БУДУЩЕЕ'","marketCap":"64 025 491 950,00"}
44;GAZA,ГАЗ;{"symbol":"GAZA","name":"ПАО 'ГАЗ'","marketCap":"8 963 805 840,00"}
45;GAZC,ГАЗКОН;{"symbol":"GAZC","name":"ОАО 'ГАЗКОН'","marketCap":""}
46;GAZP,ГАЗПРОМ,Газ пром;{"symbol":"GAZP","name":"ПАО 'Газпром'","marketCap":"2 820 225 591 777,00"}
47;GAZS,ГАЗ-сервис,ГАЗ сервис;{"symbol":"GAZS","name":"ОАО 'ГАЗ-сервис'","marketCap":""}
48;GAZT,ГАЗ-Тек,ГАЗ Тек;{"symbol":"GAZT","name":"ОАО 'ГАЗ-Тек'","marketCap":""}
49;GCHE,ЧеркизГ,Группа Черкизово;{"symbol":"GCHE","name":"ПАО 'Группа Черкизово'","marketCap":"59 570 912 415,00"}
50;GMKN,ГМКНорНик,Норильский никель;{"symbol":"GMKN","name":"ПАО 'ГМК 'Норильский никель'","marketCap":"1 293 023 784 396,00"}
51;GRNT,ГИТ;{"symbol":"GRNT","name":"ПАО 'ГИТ'","marketCap":"304 589 000,00"}
52;GTLC,GTL;{"symbol":"GTLC","name":"ОАО 'GTL'","marketCap":"386 804 000,00"}
53;GTSS,ГЕОТЕК,ГЕОТЕК Сейсморазведка;{"symbol":"GTSS","name":"ПАО 'ГЕОТЕК Сейсморазведка'","marketCap":""}
54;HALS,Галс-Девел,Галс-Девелопмент,Галс Девелопмент;{"symbol":"HALS","name":"ПАО 'Галс-Девелопмент'","marketCap":"11 553 606 820,00"}
55;HIMC,Химпром,Хим пром;{"symbol":"HIMC","name":"ПАО 'Химпром'","marketCap":""}
56;HYDR,РусГидро,Рус Гидро;{"symbol":"HYDR","name":"ПАО 'РусГидро'","marketCap":"307 073 094 587,55"}
57;IDVP,Инв-Девел,ИНВЕСТ-ДЕВЕЛОПМЕНТ,ИНВЕСТ ДЕВЕЛОПМЕНТ;{"symbol":"IDVP","name":"ПАО 'ИНВЕСТ-ДЕВЕЛОПМЕНТ'","marketCap":"15 828 930 000,00"}
58;IGST,Ижсталь2,Ижсталь,Иж сталь;{"symbol":"IGST","name":"ОАО 'Ижсталь'","marketCap":"740 674 325,00"}
59;IRAO,ИнтерРАО,Интер РАО;{"symbol":"IRAO","name":"ПАО 'Интер РАО'","marketCap":"401 209 200 000,00"}
60;IRGZ,ИркЭнерго,Иркутскэнерго,Иркутск энерго;{"symbol":"IRGZ","name":"ПАО 'Иркутскэнерго'","marketCap":"81 083 398 977,00"}
61;IRKT,ИРКУТ-3,Корпорация Иркут,Иркут;{"symbol":"IRKT","name":"ПАО 'Корпорация 'Иркут'","marketCap":"13 737 073 289,73"}
62;ISKJ,iИСКЧ,ИСКЧ;{"symbol":"ISKJ","name":"ПАО 'ИСКЧ'","marketCap":"896 250 000,00"}
63;JNOS,Славн-ЯНОС,Славнефть-Ярославнефтеоргсинтез,Славнефть Ярославнефтеоргсинтез,Славнефть Ярослав нефтеоргсинтез;{"symbol":"JNOS","name":"ОАО 'Славнефть-Ярославнефтеоргсинтез'","marketCap":"21 730 855 045,90"}
64;KAZT,Куйбазот,КуйбышевАзот,Куйбышев Азот;{"symbol":"KAZT","name":"ПАО 'КуйбышевАзот'","marketCap":"18 872 328 719,40"}
65;KBSB,КубаньЭнСб,Кубаньэнергосбыт,Кубань энергосбыт;{"symbol":"KBSB","name":"ОАО Кубаньэнергосбыт","marketCap":"2 287 288 320,00"}
66;KBTK,КузбТК,КТК;{"symbol":"KBTK","name":"ПАО 'КТК'","marketCap":"12 337 813 526,50"}
67;KCHE,КамчатЭ,Камчатскэнерго,Камчатск энерго;{"symbol":"KCHE","name":"ПАО 'Камчатскэнерго'","marketCap":"4 833 854 576,40"}
68;KGKC,КурганГКао,КГК;{"symbol":"KGKC","name":"ПАО 'КГК'","marketCap":""}
69;KLSB,КалужскСК,Калужская сбытовая;{"symbol":"KLSB","name":"ПАО 'Калужская сбытовая компания'","marketCap":"2 122 506 450,40"}
70;KMAZ,КАМАЗ;{"symbol":"KMAZ","name":"ПАО 'КАМАЗ'","marketCap":"36 386 960 810,55"}
71;KMEZ,КМЗ;{"symbol":"KMEZ","name":"ПАО 'КМЗ'","marketCap":"784 576 800,00"}
72;KMTZ,КосогМЗ,ПАО КМЗ;{"symbol":"KMTZ","name":"ПАО 'КМЗ'","marketCap":""}
73;KOGK,КоршГОК,Коршуновский ГОК;{"symbol":"KOGK","name":"ПАО 'Коршуновский ГОК'","marketCap":"18 009 072 000,00"}
74;KRKN,СаратНПЗ,Саратовский НПЗ;{"symbol":"KRKN","name":"ПАО 'Саратовский НПЗ'","marketCap":"6 582 505 600,00"}
75;KRKO,ТКЗКК,Красный котельщик;{"symbol":"KRKO","name":"ОАО ТКЗ 'Красный котельщик'","marketCap":""}
76;KROT,КрасОкт,Красный Октябрь;{"symbol":"KROT","name":"ОАО 'Красный Октябрь'","marketCap":"4 673 314 581,00"}
77;KRSB,Красэсб,Красноярскэнергосбыт,Красноярск энергосбыт;{"symbol":"KRSB","name":"ПАО 'Красноярскэнергосбыт'","marketCap":"2 044 415 869,16"}
78;KTSB,КСБ,Костромская сбытовая;{"symbol":"KTSB","name":"ПАО 'Костромская сбытовая компания'","marketCap":""}
79;KUBE,Кубанэнр,Кубаньэнерго,Кубань энерго;{"symbol":"KUBE","name":"ПАО 'Кубаньэнерго'","marketCap":"21 695 985 571,00"}
80;KUNF,КУЗОЦМ;{"symbol":"KUNF","name":"ОАО 'КУЗОЦМ'","marketCap":""}
81;KUZB,КузнецкийБ,Банк Кузнецкий;{"symbol":"KUZB","name":"ПАО Банк 'Кузнецкий'","marketCap":"265 541 192,33"}
82;KZMS,КЗМС,Краснокамский завод металлических сеток;{"symbol":"KZMS","name":"ОАО 'Краснокамский завод металлических сеток'","marketCap":""}
83;KZOS,ОргСинт,Казаньоргсинтез,Казань оргсинтез;{"symbol":"KZOS","name":"ПАО 'Казаньоргсинтез'","marketCap":"111 212 602 200,00"}
84;LIFE,iФармсинтз,Фармсинтез,Фарм синтез;{"symbol":"LIFE","name":"ПАО 'Фармсинтез'","marketCap":"3 672 331 200,14"}
85;LKOH,ЛУКОЙЛ;{"symbol":"LKOH","name":"ПАО 'ЛУКОЙЛ'","marketCap":"2 455 150 835 557,50"}
86;LNZL,Лензолото,Лен золото;{"symbol":"LNZL","name":"ПАО 'Лензолото'","marketCap":"7 491 771 000,00"}
87;LPSB,ЛЭСК,Липецкая энергосбытовая;{"symbol":"LPSB","name":"ОАО 'Липецкая энергосбытовая компания'","marketCap":""}
88;LSNG,Ленэнерго,Лен энерго;{"symbol":"LSNG","name":"ПАО 'Ленэнерго'","marketCap":"38 697 985 352,80"}
89;LSRG,ЛСР,Группа ЛСР;{"symbol":"LSRG","name":"ПАО 'Группа ЛСР'","marketCap":"84 381 746 085,00"}
90;LVHK,iЛевенгук,Левенгук;{"symbol":"LVHK","name":"ОАО 'Левенгук'","marketCap":""}
91;MAGE,МагадЭн,Магаданэнерго,Магадан энерго;{"symbol":"MAGE","name":"ПАО 'Магаданэнерго'","marketCap":"1 113 211 843,20"}
92;MAGN,ММК;{"symbol":"MAGN","name":"ПАО 'ММК'","marketCap":"374 228 311 700,00"}
93;MERF,МЕРИДИАН;{"symbol":"MERF","name":"ПАО 'МЕРИДИАН'","marketCap":""}
94;MFGS,Мегион,Славнефть Мегионнефтегаз,Славнефть Мегион нефтегаз;{"symbol":"MFGS","name":"ОАО 'Славнефть - Мегионнефтегаз'","marketCap":"49 737 352 500,00"}
95;MFON,МегаФон;{"symbol":"MFON","name":"ПАО 'МегаФон'","marketCap":"332 754 000 000,00"}
96;MGNT,Магнит;{"symbol":"MGNT","name":"ПАО 'Магнит'","marketCap":"858 711 664 755,00"}
97;MGNZ,СМЗ,Соликамский магниевый завод;{"symbol":"MGNZ","name":"ОАО 'Соликамский магниевый завод'","marketCap":"1 190 833 280,00"}
98;MGTS,МГТС-5ао,МГТС;{"symbol":"MGTS","name":"ПАО МГТС","marketCap":"113 425 552 673,00"}
99;MGVM,МедиаВиМ,Медиа группа Война и Мир;{"symbol":"MGVM","name":"ОАО Медиа группа 'Война и Мир'","marketCap":"38 800 000,00"}
100;MISB,ТНСэнМарЭл,ТНС энерго Марий Эл;{"symbol":"MISB","name":"ПАО 'ТНС энерго Марий Эл'","marketCap":"481 298 731,00"}
101;MNFD,МН-фонд,МН фонд;{"symbol":"MNFD","name":"ПАО 'МН-фонд'","marketCap":""}
102;MOBB,МосОблБанк,МОС ОБЛ БАНК;{"symbol":"MOBB","name":"ПАО МОСОБЛБАНК","marketCap":"20 917 046 279,68"}
103;MOEX,МосБиржа,Московская Биржа;{"symbol":"MOEX","name":"ПАО Московская Биржа","marketCap":"239 158 737 177,48"}
104;MORI,Морион;{"symbol":"MORI","name":"ПАО 'Морион'","marketCap":"696 427 200,00"}
105;MOTZ,Мотовил,Мотовилихинские заводы;{"symbol":"MOTZ","name":"ПАО 'Мотовилихинские заводы'","marketCap":"3 521 977 450,20"}
106;MRKC,МРСК Центр,МРСК Центра;{"symbol":"MRKC","name":"ПАО 'МРСК Центра'","marketCap":"18 385 913 509,31"}
107;MRKK,МРСК СК,МРСК Северного Кавказа;{"symbol":"MRKK","name":"ПАО 'МРСК Северного Кавказа'","marketCap":"2 766 664 722,50"}
108;MRKP,МРСК ЦП,МРСК Центра и Приволжья;{"symbol":"MRKP","name":"ПАО 'МРСК Центра и Приволжья'","marketCap":"20 217 988 377,51"}
109;MRKS,МРСКСиб,МРСК Сибири;{"symbol":"MRKS","name":"ПАО 'МРСК Сибири'","marketCap":"6 200 911 676,48"}
110;MRKU,МРСК Ур,МРСК Урала;{"symbol":"MRKU","name":"ОАО 'МРСК Урала'","marketCap":"13 027 142 370,94"}
111;MRKV,МРСКВол,МРСК Волги;{"symbol":"MRKV","name":"ПАО 'МРСК Волги'","marketCap":"13 040 274 074,71"}
112;MRKY,МРСКЮга,МРСК Юга;{"symbol":"MRKY","name":"ПАО 'МРСК Юга'","marketCap":"2 349 240 553,61"}
113;MRKZ,МРСК СЗ,МРСК Северо-Запада;{"symbol":"MRKZ","name":"ПАО 'МРСК Северо-Запада'","marketCap":"3 716 493 817,75"}
114;MRSB,МордЭнСб,Мордовэнергосбыт,Мордов энергосбыт;{"symbol":"MRSB","name":"ПАО 'Мордовэнергосбыт'","marketCap":"688 659 307,52"}
115;MSNG,Мосэнерго,Мос энерго;{"symbol":"MSNG","name":"ПАО 'Мосэнерго'","marketCap":"88 959 067 008,60"}
116;MSRS,МОЭСК;{"symbol":"MSRS","name":"ПАО 'МОЭСК'","marketCap":"38 624 723 618,18"}
117;MSST,iМультиСис,Мультисистема;{"symbol":"MSST","name":"ОАО 'Мультисистема'","marketCap":"900 000 000,00"}
118;MSTT,Мостотрест;{"symbol":"MSTT","name":"ПАО 'МОСТОТРЕСТ'","marketCap":"30 338 166 250,00"}
119;MTLR,Мечел;{"symbol":"MTLR","name":"ПАО 'Мечел'","marketCap":"58 173 836 613,75"}
120;MTSS,МТС;{"symbol":"MTSS","name":"ПАО 'МТС'","marketCap":"470 019 346 440,00"}
121;MUGS,МурмТЭЦ,Мурманская ТЭЦ;{"symbol":"MUGS","name":"ПАО 'Мурманская ТЭЦ'","marketCap":""}
122;MVID,М.видео,М видео;{"symbol":"MVID","name":"ПАО 'М.видео'","marketCap":"70 415 214 515,90"}
123;NAUK,iНПОНаука,Наука;{"symbol":"NAUK","name":"ПАО НПО 'Наука'","marketCap":"2 935 585 500,00"}
124;NFAZ,Нефтекамск,НЕФАЗ;{"symbol":"NFAZ","name":"ПАО 'НЕФАЗ'","marketCap":"699 383 952,00"}
125;NKHP,НКХП;{"symbol":"NKHP","name":"ПАО 'НКХП'","marketCap":"11 187 303 500,00"}
126;NKNC,НКНХ,Нижнекамскнефтехим,Нижнекамск нефтехим;{"symbol":"NKNC","name":"ПАО 'Нижнекамскнефтехим'","marketCap":"71 539 766 400,00"}
127;NKSH,Нижкамшина,Нижнекамскшина,Нижнекамск шина;{"symbol":"NKSH","name":"ПАО 'Нижнекамскшина'","marketCap":"685 110 088,25"}
128;NLMK,НЛМК;{"symbol":"NLMK","name":"ПАО 'НЛМК'","marketCap":"687 423 164 428,00"}
129;NMTP,НМТП;{"symbol":"NMTP","name":"ПАО 'НМТП'","marketCap":"135 974 296 724,00"}
130;NNSB,ТНСэнНН,ТНС энерго НН,ТНС энерго Нижний;{"symbol":"NNSB","name":"ПАО 'ТНС энерго НН'","marketCap":""}
131;NPOF,Физика,Физика;{"symbol":"NPOF","name":"ОАО НПО 'Физика'","marketCap":""}
132;NSVZ,iНаукаСвяз,Наука-Связь,Наука Связь;{"symbol":"NSVZ","name":"ПАО 'Наука-Связь'","marketCap":"314 809 244,00"}
133;NVTK,Новатэк;{"symbol":"NVTK","name":"ПАО 'НОВАТЭК'","marketCap":"1 967 526 288 000,00"}
134;ODVA,Медиахолд,Медиахолдинг,Медиа холдинг;{"symbol":"ODVA","name":"ПАО 'Медиахолдинг'","marketCap":"119 700 000,00"}
135;OFCB,ОткрФКБ,Банк Открытие;{"symbol":"OFCB","name":"ПАО Банк 'ФК Открытие'","marketCap":"347 063 855 572,00"}
136;OGKB,ОГК-2,ОГК 2;{"symbol":"OGKB","name":"ПАО 'ОГК-2'","marketCap":"46 595 125 771,05"}
137;OMSH,Омскшина,Омск шина;{"symbol":"OMSH","name":"ПАО 'Омскшина'","marketCap":"490 201 140,00"}
138;OPIN,ОПИН;{"symbol":"OPIN","name":"ПАО 'ОПИН'","marketCap":"11 735 231 403,00"}
139;OSMP,ОМПК;{"symbol":"OSMP","name":"ОАО 'ОМПК'","marketCap":"5 624 514 501,90"}
140;OTCP,Отисифарм,Отиси фарм;{"symbol":"OTCP","name":"ПАО 'Отисифарм'","marketCap":"22 831 368 924,00"}
141;PAZA,ПавлАвт,Павловский автобус;{"symbol":"PAZA","name":"ПАО 'Павловский автобус'","marketCap":""}
142;PHOR,ФосАгро,Фос Агро;{"symbol":"PHOR","name":"ПАО 'ФосАгро'","marketCap":"296 943 500 000,00"}
143;PIKK,ПИК,Группа Компаний ПИК;{"symbol":"PIKK","name":"ПАО 'Группа Компаний ПИК'","marketCap":"195 044 865 683,20"}
144;PLSM,Плазмек;{"symbol":"PLSM","name":"ПАО 'Плазмек'","marketCap":"20 200 000,00"}
145;PLZL,Полюс;{"symbol":"PLZL","name":"ПАО 'Полюс'","marketCap":"624 469 364 433,13"}
146;PMSB,ПермьЭнСб,Пермэнергосбыт,Перм энергосбыт;{"symbol":"PMSB","name":"ПАО 'Пермэнергосбыт'","marketCap":"2 045 919 240,00"}
147;POLY,Polymetal,Polymetal International;{"symbol":"POLY","name":"Polymetal International","marketCap":"284 949 637 912,50"}
148;PRFN,iЧЗПСН,ЧЗПСН Профнастил;{"symbol":"PRFN","name":"ПАО 'ЧЗПСН-Профнастил'","marketCap":"4 132 757 128,50"}
149;PRMB,Приморье;{"symbol":"PRMB","name":"ПАО АКБ 'Приморье'","marketCap":"1 632 500 000,00"}
150;PRTK,ПРОТЕК;{"symbol":"PRTK","name":"ПАО 'ПРОТЕК'","marketCap":"51 185 571 414,70"}
151;PSBR,Промсвб,Промсвязьбанк,Промсвязь банк;{"symbol":"PSBR","name":"ПАО 'Промсвязьбанк'","marketCap":"83 503 910 600,33"}
152;RASP,Распадская;{"symbol":"RASP","name":"ПАО 'Распадская'","marketCap":"42 606 369 470,78"}
153;RBCM,РБК;{"symbol":"RBCM","name":"ПАО 'РБК'","marketCap":"2 605 120 946,25"}
154;RDRB,РДБанк,РосДорБанк,Рос Дор Банк;{"symbol":"RDRB","name":"ПАО 'РосДорБанк'","marketCap":""}
155;RGSS,РГС СК,Росгосстрах,Рос гос страх;{"symbol":"RGSS","name":"ПАО СК 'Росгосстрах'","marketCap":"243 864 463 980,90"}
156;RKKE,ЭнергияРКК,РКК Энергия,Энергия РКК;{"symbol":"RKKE","name":"ПАО 'РКК 'Энергия'","marketCap":"6 528 894 540,00"}
157;RLMN,iРоллман,Роллман;{"symbol":"RLMN","name":"ПАО 'ГК 'Роллман'","marketCap":"413 600 000,00"}
158;RNFT,РуссНфт,РуссНефть,Рус Нефть;{"symbol":"RNFT","name":"ПАО НК 'РуссНефть'","marketCap":"176 766 120 000,00"}
159;ROLO,Русолово,Рус олово;{"symbol":"ROLO","name":"ПАО 'Русолово'","marketCap":"5 790 193 000,00"}
160;ROSB,Росбанк,РОС БАНК;{"symbol":"ROSB","name":"ПАО РОСБАНК","marketCap":"79 897 195 429,50"}
161;ROSN,Роснефть,Рос нефть;{"symbol":"ROSN","name":"ПАО 'НК 'Роснефть'","marketCap":"3 476 202 323 976,00"}
162;ROST,РОСИНТЕР;{"symbol":"ROST","name":"ПАО 'РОСИНТЕР РЕСТОРАНТС ХОЛДИНГ'","marketCap":"1 139 742 846,60"}
163;RSTI,Россети,Рос сети;{"symbol":"RSTI","name":"ПАО 'Россети'","marketCap":"157 619 645 200,37"}
164;RTGZ,ГазпРнД,Газпром газораспределение Ростов-на-Дону;{"symbol":"RTGZ","name":"ПАО 'Газпром газораспределение Ростов-на-Дону'","marketCap":"1 575 222 600,00"}
165;RTKM,Ростел,Ростелеком,Рос телеком;{"symbol":"RTKM","name":"ПАО 'Ростелеком'","marketCap":"182 947 707 481,70"}
166;RTSB,ТНСэнРст,ТНС энерго Ростов-на-Дону;{"symbol":"RTSB","name":"ПАО 'ТНС энерго Ростов-на-Дону'","marketCap":"3 568 527 692,76"}
167;RUAL,RUSAL,Русал;{"symbol":"RUAL","name":"UNITED COMPANY RUSAL","marketCap":"442 572 522 930,06"}
168;RUGR,Русгрэйн;{"symbol":"RUGR","name":"ПАО 'Русгрэйн Холдинг'","marketCap":"236 412 000,00"}
169;RUSI,ИКРУСС-ИНВ,РУСС-ИНВЕСТ,РУС ИНВЕСТ;{"symbol":"RUSI","name":"ПАО 'ИК РУСС-ИНВЕСТ'","marketCap":""}
170;RUSP,Русполимет,Рус полимет;{"symbol":"RUSP","name":"ПАО 'Русполимет'","marketCap":"2 035 272 210,44"}
171;RZSB,РязЭнСб,РЭСК;{"symbol":"RZSB","name":"ПАО 'РЭСК'","marketCap":"529 766 963,20"}
172;SAGO,СамарЭн,Самараэнерго,Самара энерго;{"symbol":"SAGO","name":"ПАО 'Самараэнерго'","marketCap":"959 049 632,17"}
173;SARE,СаратЭн,Саратовэнерго,Саратов энерго;{"symbol":"SARE","name":"ПАО 'Саратовэнерго'","marketCap":"435 428 955,64"}
174;SBER,Сбербанк,Сбер банк;{"symbol":"SBER","name":"ПАО Сбербанк","marketCap":"3 141 980 281 400,00"}
175;SELG,Селигдар;{"symbol":"SELG","name":"ПАО 'Селигдар'","marketCap":"6 776 289 968,70"}
176;SIBG,СибГост,Сибирский гостинец;{"symbol":"SIBG","name":"ПАО 'Сибирский гостинец'","marketCap":"169 000 000,00"}
177;SIBN,Газпрнефть,Газпром нефть,Газ пром нефть;{"symbol":"SIBN","name":"ПАО 'Газпром нефть'","marketCap":"865 524 249 099,45"}
178;SLEN,Сахэнер,Сахалинэнерго,Сахалин энерго;{"symbol":"SLEN","name":"ПАО 'Сахалинэнерго'","marketCap":"1 803 256 797,55"}
179;SNGS,Сургнфгз,Сургутнефтегаз,Сургут нефтегаз;{"symbol":"SNGS","name":"ОАО 'Сургутнефтегаз'","marketCap":"921 373 403 441,95"}
180;STSB,СтаврЭнСб,Ставропольэнергосбыт,Ставрополь энергосбыт;{"symbol":"STSB","name":"ПАО 'Ставропольэнергосбыт'","marketCap":"280 917 405,97"}
181;SVAV,СОЛЛЕРС;{"symbol":"SVAV","name":"ОАО 'Соллерс'","marketCap":"20 219 393 810,00"}
182;SYNG,Белуга,Синергия;{"symbol":"SYNG","name":"ПАО 'Синергия'","marketCap":"14 947 475 351,00"}
183;SZPR,СЗПароход,СЗП;{"symbol":"SZPR","name":"ПАО 'СЗП'","marketCap":"2 775 862 320,00"}
184;TAER,ТРАНСАЭР,ТРАНСАЭРО;{"symbol":"TAER","name":"ОАО 'АК 'ТРАНСАЭРО'","marketCap":"173 076 862,50"}
185;TANL,ТАНТАЛ;{"symbol":"TANL","name":"ПАО 'Тантал'","marketCap":"513 918 908,00"}
186;TASB,ТамбЭнСб,Тамбовская энергосбытовая;{"symbol":"TASB","name":"ПАО 'Тамбовская энергосбытовая компания'","marketCap":"177 777 471,52"}
187;TATN,Татнфт 3,Татнефть,Тат нефть;{"symbol":"TATN","name":"ПАО 'Татнефть' им. В.Д. Шашина","marketCap":"822 673 608 320,00"}
188;TGKA,ТГК-1,ТГК 1;{"symbol":"TGKA","name":"ПАО 'ТГК-1'","marketCap":"50 087 166 708,34"}
189;TGKB,ТГК-2,ТГК 2;{"symbol":"TGKB","name":"ПАО 'ТГК-2'","marketCap":"2 435 536 100,75"}
190;TGKD,Квадра;{"symbol":"TGKD","name":"ПАО 'Квадра'","marketCap":"5 077 702 308,95"}
191;TGKN,ТГК-14,ТГК 14;{"symbol":"TGKN","name":"ПАО 'ТГК-14'","marketCap":"4 128 154 651,71"}
192;TGKO,ТКЗ;{"symbol":"TGKO","name":"ОАО 'ТКЗ'","marketCap":"210 937 852,44"}
193;TNSE,ТНСэнрг,ТНС энерго;{"symbol":"TNSE","name":"ПАО ГК 'ТНС энерго'","marketCap":"19 408 899 380,00"}
194;TORS,ТРК;{"symbol":"TORS","name":"ПАО 'ТРК'","marketCap":"1 512 448 969,68"}
195;TRCN,ТрансК,ТрансКонтейнер,Транс Контейнер;{"symbol":"TRCN","name":"ПАО 'ТрансКонтейнер'","marketCap":"41 684 334 000,00"}
196;TRMK,ТМК;{"symbol":"TRMK","name":"ПАО 'ТМК'","marketCap":"79 706 393 486,90"}
197;TTLK,Таттел,Таттелеком,Тат телеком;{"symbol":"TTLK","name":"ПАО 'Таттелеком'","marketCap":"2 980 688 625,20"}
198;TUCH,ТКСМ,Тучковский КСМ;{"symbol":"TUCH","name":"ПАО 'Тучковский КСМ'","marketCap":"145 887 600,00"}
199;TUZA,ТЗА;{"symbol":"TUZA","name":"ПАО 'ТЗА'","marketCap":"476 760 000,00"}
200;UCSS,ОКС;{"symbol":"UCSS","name":"ПАО 'ОКС'","marketCap":"26 327 930 160,00"}
201;UKUZ,ЮжКузб,Южный Кузбасс;{"symbol":"UKUZ","name":"ПАО 'Южный Кузбасс'","marketCap":"30 873 380 535,00"}
202;UNAC,iАвиастК,ОАК,Авиаст;{"symbol":"UNAC","name":"ПАО 'ОАК'","marketCap":"220 334 856 105,09"}
203;UNKL,ЮУНК,Южуралникель,Южурал никель;{"symbol":"UNKL","name":"ПАО 'Комбинат Южуралникель'","marketCap":"1 799 211 000,00"}
204;UPRO,Юнипро;{"symbol":"UPRO","name":"ПАО 'Юнипро'","marketCap":"157 747 862 774,79"}
205;URKA,Уркалий,Уралкалий,Урал калий;{"symbol":"URKA","name":"ПАО 'Уралкалий'","marketCap":"367 148 787 169,55"}
206;URKZ,УрКузница,Уралкуз,Урал куз;{"symbol":"URKZ","name":"ПАО 'Уралкуз'","marketCap":"3 412 551 030,00"}
207;USBN,УралСиб,БАНК УРАЛСИБ,БАНК УРАЛ СИБ;{"symbol":"USBN","name":"ПАО 'БАНК УРАЛСИБ'","marketCap":"26 274 919 749,24"}
208;UTAR,ЮТэйр,ЮТэйр,Ю Тэйр;{"symbol":"UTAR","name":"ПАО 'Авиакомпания 'ЮТэйр'","marketCap":"30 247 039 360,00"}
209;UTSY,ЕТС;{"symbol":"UTSY","name":"ПАО 'ЕТС'","marketCap":"84 710 000,00"}
210;UWGN,ОВК;{"symbol":"UWGN","name":"ПАО 'НПК ОВК'","marketCap":"92 217 367 755,00"}
211;VDSB,ВЭК 01,Владимирэнергосбыт,Владимир энергосбыт;{"symbol":"VDSB","name":"ПАО 'Владимирэнергосбыт'","marketCap":"189 573 930,00"}
212;VGSB,ВолгЭнСб,Волгоградэнергосбыт,Волгоград энергосбыт;{"symbol":"VGSB","name":"ПАО 'Волгоградэнергосбыт'","marketCap":"348 359 601,85"}
213;VJGZ,Варьеган,Варьеганнефтегаз,Варьеган нефтегаз;{"symbol":"VJGZ","name":"ПАО 'Варьеганнефтегаз'","marketCap":"10 420 479 360,00"}
214;VLHZ,ВХЗ;{"symbol":"VLHZ","name":"ПАО 'ВХЗ'","marketCap":"392 939 992,50"}
215;VRAO,ВостРАО,ЭС Востока;{"symbol":"VRAO","name":"ПАО 'РАО ЭС Востока'","marketCap":""}
216;VRSB,ТНСэнВорон,ТНС энерго Воронеж;{"symbol":"VRSB","name":"ПАО 'ТНС энерго Воронеж'","marketCap":"1 560 998 467,20"}
217;VSMO,ВСМПО-АВСМ,ВСМПО-АВИСМА,ВСМПО АВИСМА;{"symbol":"VSMO","name":"ПАО 'Корпорация ВСМПО-АВИСМА'","marketCap":"172 136 002 340,00"}
218;VSYD,ВыбСудЗ,ВСЗ;{"symbol":"VSYD","name":"ПАО 'ВСЗ'","marketCap":"2 816 887 760,00"}
219;VTBR,ВТБ,Банк ВТБ;{"symbol":"VTBR","name":"Банк ВТБ (ПАО)","marketCap":"829 993 067 243,13"}
220;VTRS,ВТОРРЕС,ВТОРРЕСУРСЫ,ВТОР РЕСУРСЫ;{"symbol":"VTRS","name":"ПАО 'ВТОРРЕСУРСЫ'","marketCap":"27 295 000,00"}
221;VZRZ,Возрожд,Банк Возрождение;{"symbol":"VZRZ","name":"Банк 'Возрождение' (ПАО)","marketCap":"17 633 405 295,00"}
222;WTCM,ЦМТ;{"symbol":"WTCM","name":"ПАО 'ЦМТ'","marketCap":"8 988 900 000,00"}
223;YAKG,ЯТЭК;{"symbol":"YAKG","name":"ОАО 'ЯТЭК'","marketCap":"10 253 800 250,00"}
224;YKEN,Якутскэнрг,Якутскэнерго,Якутск энерго;{"symbol":"YKEN","name":"ПАО 'Якутскэнерго'","marketCap":"1 935 145 805,60"}
225;YNDX,Yandex,ЯНДЕКС;{"symbol":"YNDX","name":"ЯНДЕКС","marketCap":"444 929 789 649,50"}
226;YRSB,ТНСэнЯр,ТНС энерго Ярославль;{"symbol":"YRSB","name":"ПАО 'ТНС энерго Ярославль'","marketCap":""}
227;ZILL,ЗИЛ;{"symbol":"ZILL","name":"АМО ЗИЛ","marketCap":"2 792 960 100,00"}
228;ZMZN,ЗМЗ;{"symbol":"ZMZN","name":"ПАО 'ЗМЗ'","marketCap":"2 998 737 434,00"}
229;ZVEZ,ЗВЕЗДА;{"symbol":"ZVEZ","name":"ПАО 'ЗВЕЗДА'","marketCap":"2 079 475 776,00"}